Timestamp,Longitude,Latitude,Speed,Operatorname,CellID,NetworkMode,RSRP,RSRQ,SNR,CQI,RSSI,DL_bitrate,UL_bitrate,State,NRxRSRP,NRxRSRQ,ServingCell_Lon,ServingCell_Lat,ServingCell_Distance
2017.12.11_13.53.06,-8.506947,51.879035,0,A,0,LTE,-102,-10,5,9,-85,4697,88,D,-100,-16,-8.508595,51.876863,266.7
2017.12.11_13.53.07,-8.506947,51.879035,0,A,0,LTE,-102,-13,4,9,-85,4495,92,D,-104,-14,-8.508595,51.876863,266.7
2017.12.11_13.53.08,-8.506947,51.879035,0,A,0,LTE,-102,-13,4,9,-85,4339,90,D,-104,-14,-8.508595,51.876863,266.7
2017.12.11_13.53.10,-8.506947,51.879035,0,A,0,LTE,-101,-11,3,9,-85,3925,82,D,-106,-15,-8.508595,51.876863,266.7
2017.12.11_13.53.11,-8.506947,51.879035,0,A,0,LTE,-101,-11,3,9,-85,3735,73,D,-106,-15,-8.508595,51.876863,266.7
2017.12.11_13.53.12,-8.506947,51.879035,0,A,0,LTE,-101,-12,3,9,-85,4484,83,D,-105,-16,-8.508595,51.876863,266.7
2017.12.11_13.53.13,-8.506947,51.879035,0,A,0,LTE,-101,-12,3,9,-85,5390,100,D,-105,-16,-8.508595,51.876863,266.7
2017.12.11_13.53.14,-8.506947,51.879035,0,A,0,LTE,-102,-11,1,9,-85,6005,111,D,-105,-16,-8.508595,51.876863,266.7
2017.12.11_13.53.15,-8.506947,51.879035,0,A,0,LTE,-102,-11,1,9,-85,6620,122,D,-105,-16,-8.508595,51.876863,266.7
2017.12.11_13.53.16,-8.506947,51.879035,0,A,0,LTE,-102,-11,1,9,-85,7862,161,D,-104,-17,-8.508595,51.876863,266.7
2017.12.11_13.53.17,-8.506947,51.879035,0,A,0,LTE,-102,-11,1,9,-85,7325,136,D,-104,-17,-8.508595,51.876863,266.7
2017.12.11_13.53.19,-8.506947,51.879035,0,A,0,LTE,-101,-12,2,9,-85,6072,116,D,-104,-16,-8.508595,51.876863,266.7
2017.12.11_13.53.20,-8.506947,51.879035,0,A,0,LTE,-101,-12,2,9,-85,6173,130,D,-104,-16,-8.508595,51.876863,266.7
2017.12.11_13.53.21,-8.506947,51.879035,0,A,0,LTE,-101,-11,2,9,-85,6274,116,D,-104,-16,-8.508595,51.876863,266.7
2017.12.11_13.53.22,-8.506947,51.879035,0,A,0,LTE,-101,-11,2,9,-82,6497,120,D,-104,-16,-8.508595,51.876863,266.7
2017.12.11_13.53.23,-8.506947,51.879035,0,A,0,LTE,-99,-12,2,7,-84,5524,117,D,-101,-17,-8.508595,51.876863,266.7
2017.12.11_13.53.24,-8.506947,51.879035,0,A,0,LTE,-99,-12,2,7,-84,5704,120,D,-101,-17,-8.508595,51.876863,266.7
2017.12.11_13.53.25,-8.506947,51.879035,0,A,0,LTE,-102,-11,3,7,-84,6128,113,D,-103,-15,-8.508595,51.876863,266.7
2017.12.11_13.53.26,-8.506947,51.879035,0,A,0,LTE,-102,-11,3,7,-84,7213,148,D,-103,-15,-8.508595,51.876863,266.7
2017.12.11_13.53.27,-8.506947,51.879035,0,A,0,LTE,-101,-11,3,7,-84,6878,127,D,-104,-15,-8.508595,51.876863,266.7
2017.12.11_13.53.29,-8.506947,51.879035,0,A,0,LTE,-101,-11,3,7,-84,6866,141,D,-104,-15,-8.508595,51.876863,266.7
2017.12.11_13.53.30,-8.506947,51.879035,0,A,0,LTE,-101,-14,4,7,-84,7448,138,D,-105,-17,-8.508595,51.876863,266.7
2017.12.11_13.53.31,-8.506947,51.879035,0,A,0,LTE,-101,-14,4,7,-84,7817,145,D,-105,-17,-8.508595,51.876863,266.7
2017.12.11_13.53.32,-8.506947,51.879035,0,A,0,LTE,-101,-11,4,5,-86,8611,178,D,-104,-12,-8.508595,51.876863,266.7
2017.12.11_13.53.33,-8.506947,51.879035,0,A,0,LTE,-101,-11,4,7,-81,7392,145,D,-104,-12,-8.508595,51.876863,266.7
2017.12.11_13.53.34,-8.506947,51.879035,0,A,0,LTE,-98,-11,5,9,-84,9282,174,D,-104,-14,-8.508595,51.876863,266.7
2017.12.11_13.53.35,-8.506947,51.879035,0,A,0,LTE,-98,-11,5,7,-82,9416,193,D,-104,-14,-8.508595,51.876863,266.7
2017.12.11_13.53.36,-8.506947,51.879035,0,A,0,LTE,-100,-11,4,7,-82,8399,156,D,-102,-16,-8.508595,51.876863,266.7
2017.12.11_13.53.37,-8.506947,51.879035,0,A,0,LTE,-100,-11,4,6,-80,7403,154,D,-102,-16,-8.508595,51.876863,266.7
2017.12.11_13.53.39,-8.506947,51.879035,0,A,0,LTE,-97,-11,4,6,-80,8186,152,D,-104,-18,-8.508595,51.876863,266.7
2017.12.11_13.53.40,-8.506947,51.879035,0,A,0,LTE,-97,-11,4,6,-80,9752,181,D,-104,-18,-8.508595,51.876863,266.7
2017.12.11_13.53.41,-8.506947,51.879035,0,A,0,LTE,-97,-11,5,10,-74,9595,200,D,-103,-15,-8.508595,51.876863,266.7
2017.12.11_13.53.42,-8.506947,51.879035,0,A,0,LTE,-97,-11,5,12,-71,10658,203,D,-103,-15,-8.508595,51.876863,266.7
2017.12.11_13.53.43,-8.506947,51.879035,0,A,0,LTE,-88,-7,13,10,-,11631,210,D,-,-,-8.508595,51.876863,266.7
2017.12.11_13.53.44,-8.506947,51.879035,0,A,0,LTE,-88,-7,13,11,-,9774,207,D,-,-,-8.508595,51.876863,266.7
2017.12.11_13.53.45,-8.506947,51.879035,0,A,0,LTE,-85,-7,13,11,-,11664,236,D,-,-,-8.508595,51.876863,266.7
2017.12.11_13.53.46,-8.506947,51.879035,0,A,0,LTE,-85,-7,13,11,-,7079,153,D,-,-,-8.508595,51.876863,266.7
2017.12.11_13.53.48,-8.506947,51.879035,0,A,0,LTE,-86,-8,15,11,-64,7157,152,D,-,-,-8.508595,51.876863,266.7
2017.12.11_13.53.49,-8.506947,51.879035,0,A,0,LTE,-86,-8,15,11,-64,7224,130,D,-,-,-8.508595,51.876863,266.7
2017.12.11_13.53.50,-8.506947,51.879035,0,A,0,LTE,-82,-10,17,15,-59,8231,168,D,-,-,-8.508595,51.876863,266.7
2017.12.11_13.53.51,-8.506947,51.879035,0,A,0,LTE,-82,-10,17,15,-65,5703,105,D,-,-,-8.508595,51.876863,266.7
2017.12.11_13.53.52,-8.506947,51.879035,0,A,0,LTE,-82,-7,20,13,-62,6665,123,D,-,-,-8.508595,51.876863,266.7
2017.12.11_13.53.53,-8.506947,51.879035,0,A,0,LTE,-82,-7,20,15,-66,8477,154,D,-,-,-8.508595,51.876863,266.7
2017.12.11_13.53.54,-8.506947,51.879035,0,A,0,LTE,-83,-7,22,15,-66,6520,138,D,-,-,-8.508595,51.876863,266.7
2017.12.11_13.53.55,-8.506947,51.879035,0,A,0,LTE,-83,-7,22,15,-68,7381,136,D,-,-,-8.508595,51.876863,266.7
2017.12.11_13.53.57,-8.506947,51.879035,0,A,0,LTE,-86,-6,21,12,-71,8410,154,D,-,-,-8.508595,51.876863,266.7
2017.12.11_13.53.58,-8.506947,51.879035,0,A,0,LTE,-86,-6,21,12,-71,6061,149,D,-,-,-8.508595,51.876863,266.7
2017.12.11_13.53.59,-8.506947,51.879035,0,A,0,LTE,-88,-7,19,12,-71,6978,132,D,-,-,-8.508595,51.876863,266.7
2017.12.11_13.54.00,-8.506947,51.879035,0,A,0,LTE,-88,-7,19,12,-73,8801,172,D,-,-,-8.508595,51.876863,266.7
2017.12.11_13.54.01,-8.506947,51.879035,0,A,0,LTE,-90,-7,18,10,-70,7493,138,D,-,-,-8.508595,51.876863,266.7
2017.12.11_13.54.02,-8.506947,51.879035,0,A,0,LTE,-90,-7,18,11,-72,8790,162,D,-,-,-8.508595,51.876863,266.7
2017.12.11_13.54.03,-8.506947,51.879035,0,A,0,LTE,-89,-7,17,11,-72,9260,193,D,-,-,-8.508595,51.876863,266.7
2017.12.11_13.54.04,-8.506947,51.879035,0,A,0,LTE,-89,-7,17,13,-69,8991,165,D,-,-,-8.508595,51.876863,266.7
2017.12.11_13.54.06,-8.506947,51.879035,0,A,0,LTE,-86,-11,19,12,-73,9640,181,D,-,-,-8.508595,51.876863,266.7
2017.12.11_13.54.07,-8.506947,51.879035,0,A,0,LTE,-86,-11,19,12,-73,8522,187,D,-,-,-8.508595,51.876863,266.7
2017.12.11_13.54.08,-8.506947,51.879035,0,A,0,LTE,-91,-7,19,9,-78,10289,191,D,-,-,-8.508595,51.876863,266.7
2017.12.11_13.54.09,-8.506947,51.879035,0,A,0,LTE,-91,-7,19,9,-78,10311,191,D,-,-,-8.508595,51.876863,266.7
2017.12.11_13.54.10,-8.506947,51.879035,0,A,0,LTE,-94,-9,14,11,-75,11195,204,D,-,-,-8.508595,51.876863,266.7
2017.12.11_13.54.11,-8.506947,51.879035,0,A,0,LTE,-94,-9,14,11,-75,12861,238,D,-,-,-8.508595,51.876863,266.7
2017.12.11_13.54.12,-8.506947,51.879035,0,A,0,LTE,-93,-8,14,9,-77,13029,240,D,-105,-19,-8.508595,51.876863,266.7
2017.12.11_13.54.13,-8.506947,51.879035,0,A,0,LTE,-93,-8,14,9,-77,9103,212,D,-105,-19,-8.508595,51.876863,266.7
2017.12.11_13.54.15,-8.506947,51.879035,0,A,0,LTE,-93,-8,11,9,-77,5401,122,D,-,-,-8.508595,51.876863,266.7
2017.12.11_13.54.16,-8.506947,51.879035,0,A,0,LTE,-93,-8,11,11,-74,5849,128,D,-,-,-8.508595,51.876863,266.7
2017.12.11_13.54.17,-8.506947,51.879035,0,A,0,LTE,-91,-6,11,11,-74,4406,81,D,-,-,-8.508595,51.876863,266.7
2017.12.11_13.54.18,-8.506947,51.879035,0,A,0,LTE,-91,-6,11,9,-76,5927,110,D,-,-,-8.508595,51.876863,266.7
2017.12.11_13.54.19,-8.506947,51.879035,0,A,0,LTE,-93,-9,11,9,-76,7090,131,D,-,-,-8.508595,51.876863,266.7
2017.12.11_13.54.20,-8.506947,51.879035,0,A,0,LTE,-93,-9,11,9,-76,7526,161,D,-,-,-8.508595,51.876863,266.7
2017.12.11_13.54.21,-8.506947,51.879035,0,A,0,LTE,-94,-8,11,9,-76,6195,146,D,-,-,-8.508595,51.876863,266.7
2017.12.11_13.54.22,-8.506947,51.879035,0,A,0,LTE,-94,-8,11,10,-78,5167,96,D,-,-,-8.508595,51.876863,266.7
2017.12.11_13.54.23,-8.506947,51.879035,0,A,0,LTE,-93,-9,10,10,-76,6061,112,D,-102,-14,-8.508595,51.876863,266.7
2017.12.11_13.54.25,-8.506947,51.879035,0,A,0,LTE,-93,-9,10,8,-80,6285,131,D,-102,-14,-8.508595,51.876863,266.7
2017.12.11_13.54.26,-8.506947,51.879035,0,A,0,LTE,-97,-11,9,8,-80,5681,120,D,-102,-15,-8.508595,51.876863,266.7
2017.12.11_13.54.27,-8.506947,51.879035,0,A,0,LTE,-97,-11,9,8,-82,6441,119,D,-102,-15,-8.508595,51.876863,266.7
2017.12.11_13.54.28,-8.506947,51.879035,0,A,0,LTE,-99,-10,6,4,-92,5737,116,D,-103,-12,-8.508595,51.876863,266.7
2017.12.11_13.54.29,-8.506947,51.879035,0,A,0,LTE,-99,-10,6,2,-,4484,96,D,-103,-12,-8.508595,51.876863,266.7
2017.12.11_13.54.30,-8.506947,51.879035,0,A,1,LTE,-105,-13,-5,6,-90,6106,114,D,-103,-12,-8.504305,51.878898,181.99
2017.12.11_13.54.31,-8.506947,51.879035,0,A,1,LTE,-105,-13,-5,7,-88,6330,117,D,-,-,-8.504305,51.878898,181.99
2017.12.11_13.54.33,-8.506947,51.879035,0,A,1,LTE,-103,-10,4,9,-86,7784,144,D,-,-,-8.504305,51.878898,181.99
2017.12.11_13.54.34,-8.506947,51.879035,0,A,1,LTE,-103,-10,4,9,-88,9573,173,D,-,-,-8.504305,51.878898,181.99
2017.12.11_13.54.35,-8.506947,51.879035,0,A,1,LTE,-105,-13,6,9,-88,6441,120,D,-,-,-8.504305,51.878898,181.99
2017.12.11_13.54.36,-8.506947,51.879035,0,A,1,LTE,-105,-13,6,9,-87,9237,191,D,-,-,-8.504305,51.878898,181.99
2017.12.11_13.54.37,-8.506947,51.879035,0,A,1,LTE,-104,-12,6,8,-89,9942,184,D,-,-,-8.504305,51.878898,181.99
2017.12.11_13.54.38,-8.506947,51.879035,0,A,1,LTE,-104,-12,6,8,-89,11474,212,D,-,-,-8.504305,51.878898,181.99
2017.12.11_13.54.39,-8.506947,51.879035,0,A,1,LTE,-105,-10,6,9,-85,9707,201,D,-,-,-8.504305,51.878898,181.99
2017.12.11_13.54.40,-8.506947,51.879035,0,A,1,LTE,-105,-10,6,9,-85,10591,196,D,-,-,-8.504305,51.878898,181.99
2017.12.11_13.54.41,-8.506947,51.879035,0,A,1,LTE,-104,-11,8,9,-87,11463,210,D,-,-,-8.504305,51.878898,181.99
2017.12.11_13.54.43,-8.506947,51.879035,0,A,1,LTE,-104,-11,8,10,-85,10121,191,D,-,-,-8.504305,51.878898,181.99
2017.12.11_13.54.44,-8.506947,51.879035,0,A,1,LTE,-103,-12,8,10,-85,10020,185,D,-112,-19,-8.504305,51.878898,181.99
2017.12.11_13.54.45,-8.506947,51.879035,0,A,1,LTE,-103,-12,8,10,-85,7963,150,D,-112,-19,-8.504305,51.878898,181.99
2017.12.11_13.54.46,-8.506947,51.879035,0,A,1,LTE,-102,-13,8,10,-85,14404,265,D,-,-,-8.504305,51.878898,181.99
2017.12.11_13.54.47,-8.506947,51.879035,0,A,1,LTE,-102,-13,8,11,-80,17469,321,D,-,-,-8.504305,51.878898,181.99
2017.12.11_13.54.48,-8.506947,51.879035,0,A,1,LTE,-97,-10,7,9,-82,14718,304,D,-104,-17,-8.504305,51.878898,181.99
2017.12.11_13.54.49,-8.506947,51.879035,0,A,1,LTE,-97,-10,7,9,-82,16496,299,D,-104,-17,-8.504305,51.878898,181.99
2017.12.11_13.54.50,-8.506947,51.879035,0,A,1,LTE,-96,-11,10,10,-79,16958,302,D,-,-,-8.504305,51.878898,181.99
2017.12.11_13.54.51,-8.506947,51.879035,0,A,1,LTE,-96,-11,10,11,-74,19314,340,D,-,-,-8.504305,51.878898,181.99
2017.12.11_13.54.53,-8.506947,51.879035,0,A,1,LTE,-95,-13,12,11,-78,16641,321,D,-,-,-8.504305,51.878898,181.99
2017.12.11_13.54.54,-8.506947,51.879035,0,A,1,LTE,-95,-13,12,11,-78,18084,337,D,-,-,-8.504305,51.878898,181.99
2017.12.11_13.54.55,-8.506947,51.879035,0,A,1,LTE,-93,-13,9,11,-,19180,349,D,-99,-18,-8.504305,51.878898,181.99
2017.12.11_13.54.56,-8.506947,51.879035,0,A,1,LTE,-93,-13,9,10,-,13834,281,D,-99,-18,-8.504305,51.878898,181.99
2017.12.11_13.54.57,-8.506947,51.879035,0,A,1,LTE,-97,-13,5,10,-78,15400,284,D,-99,-16,-8.504305,51.878898,181.99
2017.12.11_13.54.58,-8.506947,51.879035,0,A,1,LTE,-97,-13,5,10,-78,14695,281,D,-99,-16,-8.504305,51.878898,181.99
2017.12.11_13.54.59,-8.506947,51.879035,0,A,1,LTE,-95,-12,4,11,-76,14841,272,D,-99,-15,-8.504305,51.878898,181.99
2017.12.11_13.55.00,-8.506947,51.879035,0,A,1,LTE,-95,-12,4,11,-76,15937,293,D,-99,-15,-8.504305,51.878898,181.99
2017.12.11_13.55.02,-8.506947,51.879035,0,A,1,LTE,-91,-12,9,12,-74,17066,312,D,-98,-17,-8.504305,51.878898,181.99
2017.12.11_13.55.03,-8.506947,51.879035,0,A,1,LTE,-91,-12,9,11,-76,17894,329,D,-98,-17,-8.504305,51.878898,181.99
2017.12.11_13.55.04,-8.506947,51.879035,0,A,1,LTE,-91,-11,9,12,-76,18319,361,D,-99,-12,-8.504305,51.878898,181.99
2017.12.11_13.55.05,-8.506947,51.879035,0,A,1,LTE,-91,-11,9,12,-74,15948,286,D,-99,-12,-8.504305,51.878898,181.99
2017.12.11_13.55.06,-8.506947,51.879035,0,A,1,LTE,-91,-11,9,12,-76,16406,304,D,-98,-17,-8.504305,51.878898,181.99
2017.12.11_13.55.07,-8.506947,51.879035,0,A,1,LTE,-91,-11,9,12,-76,15747,292,D,-98,-17,-8.504305,51.878898,181.99
2017.12.11_13.55.08,-8.506947,51.879035,0,A,1,LTE,-94,-13,7,9,-81,11553,219,D,-100,-17,-8.504305,51.878898,181.99
2017.12.11_13.55.09,-8.506947,51.879035,0,A,1,LTE,-94,-13,7,9,-79,14812,290,D,-100,-17,-8.504305,51.878898,181.99
2017.12.11_13.55.11,-8.506947,51.879035,0,A,1,LTE,-96,-12,7,9,-79,8689,193,D,-100,-16,-8.504305,51.878898,181.99
2017.12.11_13.55.12,-8.506947,51.879035,0,A,1,LTE,-96,-12,7,9,-79,11172,207,D,-100,-16,-8.504305,51.878898,181.99
2017.12.11_13.55.13,-8.506947,51.879035,0,A,1,LTE,-93,-12,7,10,-76,18756,349,D,-99,-20,-8.504305,51.878898,181.99
2017.12.11_13.55.14,-8.506947,51.879035,0,A,1,LTE,-93,-12,7,10,-76,19448,354,D,-99,-20,-8.504305,51.878898,181.99
2017.12.11_13.55.15,-8.506947,51.879035,0,A,1,LTE,-92,-12,9,10,-76,11720,217,D,-,-,-8.504305,51.878898,181.99
2017.12.11_13.55.16,-8.506947,51.879035,0,A,1,LTE,-92,-12,9,13,-71,9372,174,D,-,-,-8.504305,51.878898,181.99
2017.12.11_13.55.17,-8.506947,51.879035,0,A,1,LTE,-88,-12,12,15,-75,12582,233,D,-,-,-8.504305,51.878898,181.99
2017.12.11_13.55.18,-8.506947,51.879035,0,A,1,LTE,-88,-12,12,15,-75,23352,416,D,-,-,-8.504305,51.878898,181.99
2017.12.11_13.55.19,-8.506947,51.879035,0,A,1,LTE,-93,-12,15,15,-75,24649,442,D,-,-,-8.504305,51.878898,181.99
2017.12.11_13.55.21,-8.506947,51.879035,0,A,1,LTE,-93,-12,15,15,-75,30655,555,D,-,-,-8.504305,51.878898,181.99
2017.12.11_13.55.22,-8.506947,51.879035,0,A,1,LTE,-92,-11,15,15,-75,36705,641,D,-,-,-8.504305,51.878898,181.99
2017.12.11_13.55.23,-8.506947,51.879035,0,A,1,LTE,-92,-11,15,15,-75,36828,669,D,-,-,-8.504305,51.878898,181.99
2017.12.11_13.55.24,-8.506947,51.879035,0,A,1,LTE,-91,-12,16,15,-75,26729,470,D,-,-,-8.504305,51.878898,181.99
2017.12.11_13.55.25,-8.506947,51.879035,0,A,1,LTE,-91,-12,16,15,-75,29984,535,D,-,-,-8.504305,51.878898,181.99
2017.12.11_13.55.26,-8.506947,51.879035,0,A,1,LTE,-92,-11,15,15,-75,24146,564,D,-,-,-8.504305,51.878898,181.99
2017.12.11_13.55.27,-8.506947,51.879035,0,A,1,LTE,-92,-11,15,15,-75,24269,440,D,-,-,-8.504305,51.878898,181.99
2017.12.11_13.55.28,-8.506947,51.879035,0,A,1,LTE,-91,-11,14,15,-75,22021,577,D,-,-,-8.504305,51.878898,181.99
2017.12.11_13.55.29,-8.506947,51.879035,0,A,1,LTE,-91,-11,14,15,-75,18006,333,D,-,-,-8.504305,51.878898,181.99
2017.12.11_13.55.31,-8.506947,51.879035,0,A,1,LTE,-92,-12,13,15,-75,19818,352,D,-,-,-8.504305,51.878898,181.99
2017.12.11_13.55.32,-8.506947,51.879035,0,A,1,LTE,-92,-12,13,15,-75,21540,385,D,-,-,-8.504305,51.878898,181.99
2017.12.11_13.55.33,-8.506947,51.879035,0,A,1,LTE,-92,-11,14,15,-75,18263,370,D,-,-,-8.504305,51.878898,181.99
2017.12.11_13.55.34,-8.506947,51.879035,0,A,1,LTE,-92,-11,14,12,-73,18755,346,D,-,-,-8.504305,51.878898,181.99
2017.12.11_13.55.35,-8.506947,51.879035,0,A,1,LTE,-90,-12,14,12,-73,20981,368,D,-,-,-8.504305,51.878898,181.99
2017.12.11_13.55.36,-8.506947,51.879035,0,A,1,LTE,-90,-12,14,12,-73,18297,365,D,-,-,-8.504305,51.878898,181.99
2017.12.11_13.55.37,-8.506947,51.879035,0,A,1,LTE,-91,-11,15,12,-73,16354,281,D,-,-,-8.504305,51.878898,181.99
2017.12.11_13.55.38,-8.506947,51.879035,0,A,1,LTE,-91,-11,15,12,-73,21305,352,D,-,-,-8.504305,51.878898,181.99
2017.12.11_13.55.39,-8.506947,51.879035,0,A,1,LTE,-91,-10,15,12,-73,20175,367,D,-,-,-8.504305,51.878898,181.99
2017.12.11_13.55.40,-8.506947,51.879035,0,A,1,LTE,-91,-10,15,12,-73,21954,395,D,-,-,-8.504305,51.878898,181.99
2017.12.11_13.55.42,-8.506947,51.879035,0,A,1,LTE,-91,-11,15,12,-73,21931,395,D,-,-,-8.504305,51.878898,181.99
2017.12.11_13.55.43,-8.506947,51.879035,0,A,1,LTE,-91,-11,15,12,-73,23531,432,D,-,-,-8.504305,51.878898,181.99
2017.12.11_13.55.44,-8.506947,51.879035,0,A,1,LTE,-90,-10,15,12,-73,19941,402,D,-,-,-8.504305,51.878898,181.99
2017.12.11_13.55.45,-8.506947,51.879035,0,A,1,LTE,-90,-10,15,12,-71,19180,375,D,-,-,-8.504305,51.878898,181.99
2017.12.11_13.55.46,-8.506947,51.879035,0,A,1,LTE,-88,-11,15,12,-69,17614,314,D,-,-,-8.504305,51.878898,181.99
2017.12.11_13.55.47,-8.506947,51.879035,0,A,1,LTE,-88,-11,15,12,-69,18229,334,D,-,-,-8.504305,51.878898,181.99
2017.12.11_13.55.48,-8.506947,51.879035,0,A,1,LTE,-85,-13,17,12,-69,20075,371,D,-,-,-8.504305,51.878898,181.99
2017.12.11_13.55.49,-8.506947,51.879035,0,A,1,LTE,-85,-13,17,12,-69,20511,361,D,-,-,-8.504305,51.878898,181.99
2017.12.11_13.55.50,-8.506947,51.879035,0,A,1,LTE,-85,-11,17,12,-69,21853,389,D,-,-,-8.504305,51.878898,181.99
2017.12.11_13.55.52,-8.506947,51.879035,0,A,1,LTE,-85,-11,17,12,-69,24000,419,D,-,-,-8.504305,51.878898,181.99
2017.12.11_13.55.53,-8.506947,51.879035,0,A,1,LTE,-85,-10,19,12,-69,27288,482,D,-,-,-8.504305,51.878898,181.99
2017.12.11_13.55.54,-8.506947,51.879035,0,A,1,LTE,-85,-10,19,12,-69,32713,571,D,-,-,-8.504305,51.878898,181.99
2017.12.11_13.55.55,-8.506947,51.879035,0,A,1,LTE,-87,-9,20,12,-69,40486,629,D,-,-,-8.504305,51.878898,181.99
2017.12.11_13.55.56,-8.506947,51.879035,0,A,1,LTE,-87,-9,20,12,-69,43494,763,D,-,-,-8.504305,51.878898,181.99
2017.12.11_13.55.57,-8.506947,51.879035,0,A,1,LTE,-87,-12,19,12,-69,45440,800,D,-,-,-8.504305,51.878898,181.99
2017.12.11_13.55.58,-8.506947,51.879035,0,A,1,LTE,-87,-12,19,12,-69,43114,880,D,-,-,-8.504305,51.878898,181.99
2017.12.11_13.55.59,-8.506947,51.879035,0,A,1,LTE,-87,-12,20,12,-69,46838,757,D,-,-,-8.504305,51.878898,181.99
2017.12.11_13.56.00,-8.506947,51.879035,0,A,1,LTE,-87,-12,20,13,-71,31572,533,D,-,-,-8.504305,51.878898,181.99
2017.12.11_13.56.01,-8.506947,51.879035,0,A,1,LTE,-88,-11,20,13,-71,60740,910,D,-,-,-8.504305,51.878898,181.99
2017.12.11_13.56.02,-8.506947,51.879035,0,A,1,LTE,-88,-11,20,13,-71,45686,770,D,-,-,-8.504305,51.878898,181.99
2017.12.11_13.56.04,-8.506947,51.879035,0,A,1,LTE,-88,-12,20,13,-71,31091,537,D,-,-,-8.504305,51.878898,181.99
2017.12.11_13.56.05,-8.506947,51.879035,0,A,1,LTE,-88,-12,20,13,-71,32120,612,D,-,-,-8.504305,51.878898,181.99
2017.12.11_13.56.06,-8.506947,51.879035,0,A,1,LTE,-88,-12,20,13,-71,20936,464,D,-,-,-8.504305,51.878898,181.99
2017.12.11_13.56.07,-8.506947,51.879035,0,A,1,LTE,-88,-12,20,13,-71,21499,399,D,-,-,-8.504305,51.878898,181.99
2017.12.11_13.56.08,-8.506947,51.879035,0,A,1,LTE,-88,-12,19,13,-71,23173,376,D,-,-,-8.504305,51.878898,181.99
2017.12.11_13.56.09,-8.506947,51.879035,0,A,1,LTE,-88,-12,19,13,-71,15937,298,D,-,-,-8.504305,51.878898,181.99
2017.12.11_13.56.10,-8.506947,51.879035,0,A,1,LTE,-88,-12,21,13,-71,14774,275,D,-,-,-8.504305,51.878898,181.99
2017.12.11_13.56.11,-8.506947,51.879035,0,A,1,LTE,-88,-12,21,13,-71,8086,148,D,-,-,-8.504305,51.878898,181.99
2017.12.11_13.56.12,-8.506947,51.879035,0,A,1,LTE,-87,-11,20,13,-71,18867,476,D,-,-,-8.504305,51.878898,181.99
2017.12.11_13.56.14,-8.506947,51.879035,0,A,1,LTE,-87,-11,20,13,-71,50328,941,D,-,-,-8.504305,51.878898,181.99
2017.12.11_13.56.15,-8.506947,51.879035,0,A,1,LTE,-88,-11,20,13,-71,34636,657,D,-,-,-8.504305,51.878898,181.99
2017.12.11_13.56.16,-8.506947,51.879035,0,A,1,LTE,-88,-11,20,13,-71,38070,662,D,-,-,-8.504305,51.878898,181.99
2017.12.11_13.56.17,-8.506947,51.879035,0,A,1,LTE,-89,-12,19,15,-73,29425,516,D,-,-,-8.504305,51.878898,181.99
2017.12.11_13.56.18,-8.506947,51.879035,0,A,1,LTE,-89,-12,19,15,-73,14281,256,D,-,-,-8.504305,51.878898,181.99
2017.12.11_13.56.19,-8.506947,51.879035,0,A,1,LTE,-90,-11,19,15,-73,31527,527,D,-,-,-8.504305,51.878898,181.99
2017.12.11_13.56.20,-8.506947,51.879035,0,A,1,LTE,-90,-11,19,15,-73,36806,720,D,-,-,-8.504305,51.878898,181.99
2017.12.11_13.56.21,-8.506947,51.879035,0,A,1,LTE,-91,-12,19,15,-73,18095,334,D,-,-,-8.504305,51.878898,181.99
2017.12.11_13.56.22,-8.506947,51.879035,0,A,1,LTE,-91,-12,19,12,-70,14863,270,D,-,-,-8.504305,51.878898,181.99
2017.12.11_13.56.23,-8.506947,51.879035,0,A,1,LTE,-90,-13,16,11,-73,21573,383,D,-,-,-8.504305,51.878898,181.99
2017.12.11_13.56.25,-8.506947,51.879035,0,A,1,LTE,-90,-13,16,11,-75,26573,472,D,-,-,-8.504305,51.878898,181.99
2017.12.11_13.56.26,-8.506947,51.879035,0,A,1,LTE,-85,-12,17,15,-68,28317,493,D,-,-,-8.504305,51.878898,181.99
2017.12.11_13.56.27,-8.506947,51.879035,0,A,1,LTE,-85,-12,17,15,-69,29637,508,D,-,-,-8.504305,51.878898,181.99
2017.12.11_13.56.28,-8.506947,51.879035,0,A,1,LTE,-86,-11,19,15,-69,22804,409,D,-,-,-8.504305,51.878898,181.99
2017.12.11_13.56.29,-8.506947,51.879035,0,A,1,LTE,-86,-11,19,15,-69,20466,368,D,-,-,-8.504305,51.878898,181.99
2017.12.11_13.56.30,-8.506947,51.879035,0,A,1,LTE,-87,-11,19,15,-74,12391,229,D,-,-,-8.504305,51.878898,181.99
2017.12.11_13.56.31,-8.506947,51.879035,0,A,1,LTE,-87,-11,19,15,-70,18777,345,D,-,-,-8.504305,51.878898,181.99
2017.12.11_13.56.32,-8.506947,51.879035,0,A,1,LTE,-87,-11,19,15,-70,19918,362,D,-,-,-8.504305,51.878898,181.99
2017.12.11_13.56.33,-8.506947,51.879035,0,A,1,LTE,-87,-11,19,15,-72,18733,339,D,-,-,-8.504305,51.878898,181.99
2017.12.11_13.56.34,-8.506947,51.879035,0,A,1,LTE,-90,-12,19,15,-72,21808,396,D,-,-,-8.504305,51.878898,181.99
2017.12.11_13.56.36,-8.506947,51.879035,0,A,1,LTE,-90,-12,19,15,-74,11608,203,D,-,-,-8.504305,51.878898,181.99
2017.12.11_13.56.37,-8.506947,51.879035,0,A,1,LTE,-92,-12,14,15,-74,15858,399,D,-,-,-8.504305,51.878898,181.99
2017.12.11_13.56.38,-8.506947,51.879035,0,A,1,LTE,-92,-12,14,11,-72,13286,288,D,-,-,-8.504305,51.878898,181.99
2017.12.11_13.56.39,-8.506947,51.879035,0,A,1,LTE,-89,-12,13,11,-72,13096,427,D,-,-,-8.504305,51.878898,181.99
2017.12.11_13.56.40,-8.506947,51.879035,0,A,1,LTE,-89,-12,13,12,-75,19683,305,D,-,-,-8.504305,51.878898,181.99
2017.12.11_13.56.41,-8.506947,51.879035,0,A,1,LTE,-92,-11,15,12,-75,19202,302,D,-,-,-8.504305,51.878898,181.99
2017.12.11_13.56.42,-8.506947,51.879035,0,A,1,LTE,-92,-11,15,12,-73,25902,601,D,-,-,-8.504305,51.878898,181.99
2017.12.11_13.56.43,-8.506947,51.879035,0,A,1,LTE,-88,-12,17,12,-71,52665,1031,D,-,-,-8.504305,51.878898,181.99
2017.12.11_13.56.44,-8.506947,51.879035,0,A,1,LTE,-88,-12,17,12,-71,32784,567,D,-,-,-8.504305,51.878898,181.99
2017.12.11_13.56.46,-8.506947,51.879035,0,A,1,LTE,-90,-12,17,15,-73,19996,361,D,-,-,-8.504305,51.878898,181.99
2017.12.11_13.56.47,-8.506947,51.879035,0,A,1,LTE,-90,-12,17,15,-73,20589,346,D,-,-,-8.504305,51.878898,181.99
2017.12.11_13.56.48,-8.506947,51.879035,0,A,1,LTE,-91,-11,16,12,-77,11485,210,D,-,-,-8.504305,51.878898,181.99
2017.12.11_13.56.49,-8.506947,51.879035,0,A,1,LTE,-91,-11,16,12,-74,20858,351,D,-,-,-8.504305,51.878898,181.99
2017.12.11_13.56.50,-8.506947,51.879035,0,A,1,LTE,-91,-11,14,12,-74,36840,684,D,-,-,-8.504305,51.878898,181.99
2017.12.11_13.56.51,-8.506947,51.879035,0,A,1,LTE,-91,-11,14,12,-72,36135,670,D,-,-,-8.504305,51.878898,181.99
2017.12.11_13.56.52,-8.506947,51.879035,0,A,1,LTE,-89,-12,17,12,-72,33630,561,D,-,-,-8.504305,51.878898,181.99
2017.12.11_13.56.53,-8.506947,51.879035,0,A,1,LTE,-89,-12,17,12,-72,30364,514,D,-,-,-8.504305,51.878898,181.99
2017.12.11_13.56.54,-8.506947,51.879035,0,A,1,LTE,-88,-12,18,12,-72,28127,494,D,-,-,-8.504305,51.878898,181.99
2017.12.11_13.56.55,-8.506947,51.879035,0,A,1,LTE,-88,-12,18,12,-72,25465,573,D,-,-,-8.504305,51.878898,181.99
2017.12.11_13.56.57,-8.506947,51.879035,0,A,1,LTE,-89,-12,18,12,-72,39065,696,D,-,-,-8.504305,51.878898,181.99
2017.12.11_13.56.58,-8.506947,51.879035,0,A,1,LTE,-89,-12,18,12,-72,33898,569,D,-,-,-8.504305,51.878898,181.99
2017.12.11_13.56.59,-8.506947,51.879035,0,A,1,LTE,-88,-11,18,12,-72,28340,596,D,-,-,-8.504305,51.878898,181.99
2017.12.11_13.57.00,-8.506947,51.879035,0,A,1,LTE,-88,-11,18,12,-72,23710,425,D,-,-,-8.504305,51.878898,181.99
2017.12.11_13.57.01,-8.506947,51.879035,0,A,1,LTE,-88,-12,18,12,-72,14550,264,D,-,-,-8.504305,51.878898,181.99
2017.12.11_13.57.02,-8.506947,51.879035,0,A,1,LTE,-88,-12,18,12,-72,10915,200,D,-,-,-8.504305,51.878898,181.99
2017.12.11_13.57.03,-8.506947,51.879035,0,A,1,LTE,-89,-13,17,12,-72,23519,577,D,-,-,-8.504305,51.878898,181.99
2017.12.11_13.57.04,-8.506947,51.879035,0,A,1,LTE,-89,-13,17,12,-72,25622,475,D,-,-,-8.504305,51.878898,181.99
2017.12.11_13.57.05,-8.506947,51.879035,0,A,1,LTE,-88,-12,17,12,-72,31410,513,D,-,-,-8.504305,51.878898,181.99
2017.12.11_13.57.06,-8.506947,51.879035,0,A,1,LTE,-88,-12,17,12,-72,34334,595,D,-,-,-8.504305,51.878898,181.99
2017.12.11_13.57.08,-8.506947,51.879035,0,A,1,LTE,-89,-12,18,12,-72,16485,275,D,-,-,-8.504305,51.878898,181.99
2017.12.11_13.57.09,-8.506947,51.879035,0,A,1,LTE,-89,-12,18,12,-72,20600,366,D,-,-,-8.504305,51.878898,181.99
2017.12.11_13.57.10,-8.506947,51.879035,0,A,1,LTE,-88,-12,18,12,-72,25600,465,D,-,-,-8.504305,51.878898,181.99
2017.12.11_13.57.11,-8.506947,51.879035,0,A,1,LTE,-88,-12,18,12,-72,25644,459,D,-,-,-8.504305,51.878898,181.99
2017.12.11_13.57.12,-8.506947,51.879035,0,A,1,LTE,-89,-12,19,12,-72,9763,246,D,-,-,-8.504305,51.878898,181.99
2017.12.11_13.57.13,-8.506947,51.879035,0,A,1,LTE,-89,-12,19,12,-72,10076,185,D,-,-,-8.504305,51.878898,181.99
2017.12.11_13.57.14,-8.506947,51.879035,0,A,1,LTE,-89,-12,18,12,-72,14953,274,D,-,-,-8.504305,51.878898,181.99
2017.12.11_13.57.15,-8.506947,51.879035,0,A,1,LTE,-89,-12,18,12,-72,16239,301,D,-,-,-8.504305,51.878898,181.99
2017.12.11_13.57.17,-8.506947,51.879035,0,A,1,LTE,-88,-13,18,12,-72,5480,101,D,-,-,-8.504305,51.878898,181.99
2017.12.11_13.57.18,-8.506947,51.879035,0,A,1,LTE,-88,-13,18,12,-72,11709,214,D,-,-,-8.504305,51.878898,181.99
2017.12.11_13.57.19,-8.506947,51.879035,0,A,1,LTE,-89,-13,18,12,-72,18297,332,D,-,-,-8.504305,51.878898,181.99
2017.12.11_13.57.20,-8.506947,51.879035,0,A,1,LTE,-89,-13,18,12,-72,13118,248,D,-,-,-8.504305,51.878898,181.99
2017.12.11_13.57.21,-8.506947,51.879035,0,A,1,LTE,-88,-12,18,12,-72,11877,269,D,-,-,-8.504305,51.878898,181.99
2017.12.11_13.57.22,-8.506947,51.879035,0,A,1,LTE,-88,-12,18,12,-72,16351,213,D,-,-,-8.504305,51.878898,181.99
2017.12.11_13.57.23,-8.506947,51.879035,0,A,1,LTE,-88,-13,19,12,-72,13487,206,D,-,-,-8.504305,51.878898,181.99
2017.12.11_13.57.24,-8.506947,51.879035,0,A,1,LTE,-88,-13,19,12,-72,16319,261,D,-,-,-8.504305,51.878898,181.99
2017.12.11_13.57.25,-8.506947,51.879035,0,A,1,LTE,-88,-13,18,12,-72,18031,333,D,-,-,-8.504305,51.878898,181.99
2017.12.11_13.57.27,-8.506947,51.879035,0,A,1,LTE,-88,-13,18,12,-72,15668,287,D,-,-,-8.504305,51.878898,181.99
2017.12.11_13.57.28,-8.506947,51.879035,0,A,1,LTE,-89,-13,18,12,-72,12481,300,D,-,-,-8.504305,51.878898,181.99
2017.12.11_13.57.29,-8.506947,51.879035,0,A,1,LTE,-89,-13,18,12,-72,11664,316,D,-,-,-8.504305,51.878898,181.99
2017.12.11_13.57.30,-8.506947,51.879035,0,A,1,LTE,-89,-13,18,12,-72,7090,130,D,-,-,-8.504305,51.878898,181.99
2017.12.11_13.57.31,-8.506947,51.879035,0,A,1,LTE,-89,-13,18,12,-72,12235,220,D,-,-,-8.504305,51.878898,181.99
2017.12.11_13.57.32,-8.506947,51.879035,0,A,1,LTE,-89,-12,17,12,-72,9942,183,D,-,-,-8.504305,51.878898,181.99
2017.12.11_13.57.33,-8.506947,51.879035,0,A,1,LTE,-89,-12,17,12,-72,9204,169,D,-,-,-8.504305,51.878898,181.99
2017.12.11_13.57.34,-8.506947,51.879035,0,A,1,LTE,-88,-13,18,12,-72,17816,354,D,-,-,-8.504305,51.878898,181.99
2017.12.11_13.57.36,-8.506947,51.879035,0,A,1,LTE,-88,-13,18,12,-72,10166,202,D,-,-,-8.504305,51.878898,181.99
2017.12.11_13.57.37,-8.506947,51.879035,0,A,1,LTE,-89,-12,19,12,-72,14964,269,D,-,-,-8.504305,51.878898,181.99
2017.12.11_13.57.38,-8.506947,51.879035,0,A,1,LTE,-89,-12,19,12,-72,14964,297,D,-,-,-8.504305,51.878898,181.99
2017.12.11_13.57.39,-8.506947,51.879035,0,A,1,LTE,-89,-12,18,12,-72,15579,276,D,-,-,-8.504305,51.878898,181.99
2017.12.11_13.57.40,-8.506947,51.879035,0,A,1,LTE,-89,-12,18,12,-72,12995,236,D,-,-,-8.504305,51.878898,181.99
2017.12.11_13.57.41,-8.506947,51.879035,0,A,1,LTE,-90,-13,18,12,-72,15064,270,D,-,-,-8.504305,51.878898,181.99
2017.12.11_13.57.42,-8.506947,51.879035,0,A,1,LTE,-90,-13,18,12,-72,17324,313,D,-,-,-8.504305,51.878898,181.99
2017.12.11_13.57.43,-8.506947,51.879035,0,A,1,LTE,-90,-11,18,12,-72,16462,299,D,-,-,-8.504305,51.878898,181.99
2017.12.11_13.57.45,-8.506947,51.879035,0,A,1,LTE,-90,-11,18,12,-72,18900,331,D,-,-,-8.504305,51.878898,181.99
2017.12.11_13.57.46,-8.506947,51.879035,0,A,1,LTE,-89,-11,19,12,-72,20466,359,D,-,-,-8.504305,51.878898,181.99
2017.12.11_13.57.47,-8.506947,51.879035,0,A,1,LTE,-89,-11,19,12,-72,20702,362,D,-,-,-8.504305,51.878898,181.99
2017.12.11_13.57.48,-8.506947,51.879035,0,A,1,LTE,-90,-12,18,12,-72,8432,152,D,-,-,-8.504305,51.878898,181.99
2017.12.11_13.57.49,-8.506947,51.879035,0,A,1,LTE,-90,-12,18,12,-72,13890,257,D,-,-,-8.504305,51.878898,181.99
2017.12.11_13.57.50,-8.506947,51.879035,0,A,1,LTE,-90,-12,18,12,-72,19560,358,D,-,-,-8.504305,51.878898,181.99
2017.12.11_13.57.51,-8.506947,51.879035,0,A,1,LTE,-90,-12,18,12,-72,30644,545,D,-,-,-8.504305,51.878898,181.99
2017.12.11_13.57.52,-8.506947,51.879035,0,A,1,LTE,-90,-11,19,12,-72,20848,382,D,-,-,-8.504305,51.878898,181.99
2017.12.11_13.57.53,-8.506947,51.879035,0,A,1,LTE,-90,-11,19,12,-72,31192,547,D,-,-,-8.504305,51.878898,181.99
2017.12.11_13.57.54,-8.506947,51.879035,0,A,1,LTE,-89,-11,19,12,-72,33619,836,D,-,-,-8.504305,51.878898,181.99
2017.12.11_13.57.56,-8.506947,51.879035,0,A,1,LTE,-89,-11,19,12,-72,16921,307,D,-,-,-8.504305,51.878898,181.99
2017.12.11_13.57.57,-8.506947,51.879035,0,A,1,LTE,-90,-12,19,12,-72,20276,362,D,-,-,-8.504305,51.878898,181.99
2017.12.11_13.57.58,-8.506947,51.879035,0,A,1,LTE,-90,-12,19,12,-72,29950,495,D,-,-,-8.504305,51.878898,181.99
2017.12.11_13.57.59,-8.506947,51.879035,0,A,1,LTE,-89,-12,18,12,-72,12716,234,D,-,-,-8.504305,51.878898,181.99
2017.12.11_13.58.00,-8.506947,51.879035,0,A,1,LTE,-89,-12,18,12,-72,40955,732,D,-,-,-8.504305,51.878898,181.99
2017.12.11_13.58.01,-8.506947,51.879035,0,A,1,LTE,-89,-12,18,12,-72,23206,408,D,-,-,-8.504305,51.878898,181.99
2017.12.11_13.58.02,-8.506947,51.879035,0,A,1,LTE,-89,-12,18,12,-72,30688,552,D,-,-,-8.504305,51.878898,181.99
2017.12.11_13.58.03,-8.506947,51.879035,0,A,1,LTE,-89,-12,19,12,-72,11575,377,D,-,-,-8.504305,51.878898,181.99
2017.12.11_13.58.04,-8.506947,51.879035,0,A,1,LTE,-89,-12,19,12,-72,17100,346,D,-,-,-8.504305,51.878898,181.99
2017.12.11_13.58.06,-8.506947,51.879035,0,A,1,LTE,-89,-13,19,12,-72,22949,411,D,-,-,-8.504305,51.878898,181.99
2017.12.11_13.58.07,-8.506947,51.879035,0,A,1,LTE,-89,-13,19,12,-72,8544,156,D,-,-,-8.504305,51.878898,181.99
2017.12.11_13.58.08,-8.506947,51.879035,0,A,1,LTE,-89,-12,18,12,-72,15881,575,D,-,-,-8.504305,51.878898,181.99
2017.12.11_13.58.09,-8.506947,51.879035,0,A,1,LTE,-89,-12,18,12,-72,23173,414,D,-,-,-8.504305,51.878898,181.99
2017.12.11_13.58.10,-8.506947,51.879035,0,A,1,LTE,-90,-11,18,12,-72,22446,469,D,-,-,-8.504305,51.878898,181.99
2017.12.11_13.58.11,-8.506947,51.879035,0,A,1,LTE,-90,-11,18,12,-72,37690,644,D,-,-,-8.504305,51.878898,181.99
2017.12.11_13.58.12,-8.506947,51.879035,0,A,1,LTE,-89,-12,18,12,-72,15862,293,D,-,-,-8.504305,51.878898,181.99
2017.12.11_13.58.13,-8.506947,51.879035,0,A,1,LTE,-89,-12,18,12,-72,21462,362,D,-,-,-8.504305,51.878898,181.99
2017.12.11_13.58.14,-8.506947,51.879035,0,A,1,LTE,-90,-13,18,12,-72,44847,797,D,-,-,-8.504305,51.878898,181.99
2017.12.11_13.58.15,-8.506947,51.879035,0,A,1,LTE,-90,-13,18,12,-72,40262,667,D,-,-,-8.504305,51.878898,181.99
2017.12.11_13.58.17,-8.506947,51.879035,0,A,1,LTE,-90,-12,19,12,-72,38808,787,D,-,-,-8.504305,51.878898,181.99
2017.12.11_13.58.18,-8.506947,51.879035,0,A,1,LTE,-90,-12,19,12,-72,51860,837,D,-,-,-8.504305,51.878898,181.99
2017.12.11_13.58.19,-8.506947,51.879035,0,A,1,LTE,-89,-13,19,12,-72,29514,624,D,-,-,-8.504305,51.878898,181.99
2017.12.11_13.58.20,-8.506947,51.879035,0,A,1,LTE,-89,-13,19,12,-72,25790,456,D,-,-,-8.504305,51.878898,181.99
2017.12.11_13.58.21,-8.506947,51.879035,0,A,1,LTE,-89,-13,19,12,-72,21764,388,D,-,-,-8.504305,51.878898,181.99
2017.12.11_13.58.22,-8.506947,51.879035,0,A,1,LTE,-89,-13,19,12,-72,23486,413,D,-,-,-8.504305,51.878898,181.99
2017.12.11_13.58.23,-8.506947,51.879035,0,A,1,LTE,-89,-12,19,12,-72,30129,510,D,-,-,-8.504305,51.878898,181.99
2017.12.11_13.58.24,-8.506947,51.879035,0,A,1,LTE,-89,-12,19,12,-72,57004,889,D,-,-,-8.504305,51.878898,181.99
2017.12.11_13.58.25,-8.506947,51.879035,0,A,1,LTE,-89,-11,18,12,-72,39826,683,D,-,-,-8.504305,51.878898,181.99
2017.12.11_13.58.26,-8.506947,51.879035,0,A,1,LTE,-89,-11,18,12,-72,33540,791,D,-,-,-8.504305,51.878898,181.99
2017.12.11_13.58.27,-8.506947,51.879035,0,A,1,LTE,-89,-12,18,12,-72,33350,585,D,-,-,-8.504305,51.878898,181.99
2017.12.11_13.58.29,-8.506947,51.879035,0,A,1,LTE,-89,-12,18,12,-72,18073,355,D,-,-,-8.504305,51.878898,181.99
2017.12.11_13.58.30,-8.506947,51.879035,0,A,1,LTE,-89,-12,19,12,-72,21708,378,D,-,-,-8.504305,51.878898,181.99
2017.12.11_13.58.31,-8.506947,51.879035,0,A,1,LTE,-89,-12,19,12,-72,17402,313,D,-,-,-8.504305,51.878898,181.99
2017.12.11_13.58.32,-8.506947,51.879035,0,A,1,LTE,-89,-13,18,12,-72,22692,393,D,-,-,-8.504305,51.878898,181.99
2017.12.11_13.58.33,-8.506947,51.879035,0,A,1,LTE,-89,-13,18,12,-72,19572,354,D,-,-,-8.504305,51.878898,181.99
2017.12.11_13.58.34,-8.506947,51.879035,0,A,1,LTE,-89,-12,19,12,-72,12447,228,D,-,-,-8.504305,51.878898,181.99
2017.12.11_13.58.35,-8.506947,51.879035,0,A,1,LTE,-89,-12,19,12,-72,33965,594,D,-,-,-8.504305,51.878898,181.99
2017.12.11_13.58.36,-8.506947,51.879035,0,A,1,LTE,-89,-12,19,12,-72,22312,486,D,-,-,-8.504305,51.878898,181.99
2017.12.11_13.58.37,-8.506947,51.879035,0,A,1,LTE,-89,-12,19,12,-72,23642,431,D,-,-,-8.504305,51.878898,181.99
2017.12.11_13.58.38,-8.506947,51.879035,0,A,1,LTE,-90,-11,19,12,-72,25544,450,D,-,-,-8.504305,51.878898,181.99
2017.12.11_13.58.39,-8.506947,51.879035,0,A,1,LTE,-90,-11,19,12,-72,25588,423,D,-,-,-8.504305,51.878898,181.99
2017.12.11_13.58.41,-8.506947,51.879035,0,A,1,LTE,-90,-12,18,12,-72,19829,435,D,-,-,-8.504305,51.878898,181.99
2017.12.11_13.58.42,-8.506947,51.879035,0,A,1,LTE,-90,-12,18,12,-72,14695,264,D,-,-,-8.504305,51.878898,181.99
2017.12.11_13.58.43,-8.506947,51.879035,0,A,1,LTE,-91,-12,18,12,-74,15366,267,D,-,-,-8.504305,51.878898,181.99
2017.12.11_13.58.44,-8.506947,51.879035,0,A,1,LTE,-91,-12,18,12,-74,16064,286,D,-,-,-8.504305,51.878898,181.99
2017.12.11_13.58.45,-8.506947,51.879035,0,A,1,LTE,-92,-7,18,12,-74,17872,314,D,-,-,-8.504305,51.878898,181.99
2017.12.11_13.58.46,-8.506947,51.879035,0,A,1,LTE,-92,-7,18,9,-77,10501,192,D,-,-,-8.504305,51.878898,181.99
2017.12.11_13.58.47,-8.506947,51.879035,0,A,1,LTE,-94,-12,16,12,-72,14762,299,D,-,-,-8.504305,51.878898,181.99
2017.12.11_13.58.48,-8.506947,51.879035,0,A,1,LTE,-94,-12,16,12,-72,15959,282,D,-,-,-8.504305,51.878898,181.99
2017.12.11_13.58.50,-8.506947,51.879035,0,A,1,LTE,-91,-9,14,11,-74,16820,303,D,-,-,-8.504305,51.878898,181.99
2017.12.11_13.58.51,-8.506947,51.879035,0,A,1,LTE,-91,-9,14,10,-80,15087,303,D,-,-,-8.504305,51.878898,181.99
2017.12.11_13.58.52,-8.506947,51.879035,0,A,1,LTE,-93,-9,10,9,-76,16865,302,D,-,-,-8.504305,51.878898,181.99
2017.12.11_13.58.53,-8.506947,51.879035,0,A,1,LTE,-93,-9,10,9,-76,18587,335,D,-,-,-8.504305,51.878898,181.99
2017.12.11_13.58.54,-8.506947,51.879035,0,A,1,LTE,-93,-11,11,11,-78,13577,239,D,-,-,-8.504305,51.878898,181.99
2017.12.11_13.58.55,-8.506947,51.879035,0,A,1,LTE,-93,-11,11,11,-74,17816,304,D,-,-,-8.504305,51.878898,181.99
2017.12.11_13.58.56,-8.506947,51.879035,0,A,1,LTE,-91,-9,12,11,-74,16149,324,D,-,-,-8.504305,51.878898,181.99
2017.12.11_13.58.57,-8.506947,51.879035,0,A,1,LTE,-91,-9,12,9,-76,15478,280,D,-,-,-8.504305,51.878898,181.99
2017.12.11_13.58.59,-8.506947,51.879035,0,A,1,LTE,-88,-10,11,12,-71,19482,346,D,-100,-17,-8.504305,51.878898,181.99
2017.12.11_13.59.00,-8.506947,51.879035,0,A,1,LTE,-88,-10,11,8,-75,13096,240,D,-100,-17,-8.504305,51.878898,181.99
2017.12.11_13.59.01,-8.506947,51.879035,0,A,1,LTE,-95,-15,7,10,-78,4026,74,D,-95,-13,-8.504305,51.878898,181.99
2017.12.11_13.59.02,-8.506947,51.879035,0,A,1,LTE,-95,-15,7,10,-78,469,18,D,-95,-13,-8.504305,51.878898,181.99
2017.12.11_13.59.03,-8.506947,51.879035,0,A,1,LTE,-91,-12,-3,2,-75,8600,204,D,-95,-13,-8.502407,51.875344,515.34
2017.12.11_13.59.04,-8.506947,51.879035,0,A,1,LTE,-91,-12,-3,12,-73,6173,160,D,-,-,-8.502407,51.875344,515.34
2017.12.11_13.59.05,-8.506947,51.879035,0,A,1,LTE,-89,-10,6,12,-73,7359,131,D,-94,-12,-8.502407,51.875344,515.34
2017.12.11_13.59.06,-8.506947,51.879035,0,A,1,LTE,-89,-10,6,14,-62,7963,147,D,-94,-12,-8.502407,51.875344,515.34
2017.12.11_13.59.08,-8.506947,51.879035,0,A,1,LTE,-80,-8,15,14,-62,10334,188,D,-84,-9,-8.502407,51.875344,515.34
2017.12.11_13.59.09,-8.506947,51.879035,0,A,1,LTE,-80,-8,15,10,-67,11161,202,D,-84,-9,-8.502407,51.875344,515.34
2017.12.11_13.59.10,-8.506947,51.879035,0,A,1,LTE,-81,-11,16,12,-64,11497,245,D,-,-,-8.502407,51.875344,515.34
2017.12.11_13.59.11,-8.506947,51.879035,0,A,1,LTE,-81,-11,16,15,-62,10727,227,D,-,-,-8.502407,51.875344,515.34
2017.12.11_13.59.12,-8.506947,51.879035,0,A,1,LTE,-75,-8,21,15,-58,12660,222,D,-,-,-8.502407,51.875344,515.34
2017.12.11_13.59.13,-8.506947,51.879035,0,A,1,LTE,-75,-8,21,14,-61,12861,232,D,-,-,-8.502407,51.875344,515.34
2017.12.11_13.59.14,-8.506947,51.879035,0,A,1,LTE,-77,-12,23,14,-61,12995,269,D,-,-,-8.502407,51.875344,515.34
2017.12.11_13.59.15,-8.506947,51.879035,0,A,1,LTE,-77,-12,23,15,-63,9293,199,D,-,-,-8.502407,51.875344,515.34
2017.12.11_13.59.16,-8.506947,51.879035,0,A,1,LTE,-81,-12,23,15,-63,8924,190,D,-,-,-8.502407,51.875344,515.34
2017.12.11_13.59.18,-8.506947,51.879035,0,A,1,LTE,-81,-12,23,12,-67,9595,173,D,-,-,-8.502407,51.875344,515.34
2017.12.11_13.59.19,-8.506947,51.879035,0,A,1,LTE,-75,-10,21,15,-58,9551,173,D,-,-,-8.502407,51.875344,515.34
2017.12.11_13.59.20,-8.506947,51.879035,0,A,1,LTE,-75,-10,21,15,-55,11564,211,D,-,-,-8.502407,51.875344,515.34
2017.12.11_13.59.21,-8.506947,51.879035,0,A,1,LTE,-73,-9,24,15,-55,10647,220,D,-,-,-8.502407,51.875344,515.34
2017.12.11_13.59.22,-8.506947,51.879035,0,A,1,LTE,-73,-9,24,15,-52,11497,209,D,-,-,-8.502407,51.875344,515.34
2017.12.11_13.59.23,-8.506947,51.879035,0,A,1,LTE,-75,-6,29,14,-58,8097,190,D,-,-,-8.502407,51.875344,515.34
2017.12.11_13.59.24,-8.506947,51.879035,0,A,1,LTE,-75,-6,29,14,-64,7068,131,D,-,-,-8.502407,51.875344,515.34
2017.12.11_13.59.25,-8.506947,51.879035,0,A,1,LTE,-80,-12,25,14,-64,8779,155,D,-,-,-8.502407,51.875344,515.34
2017.12.11_13.59.27,-8.506947,51.879035,0,A,1,LTE,-80,-12,25,15,-66,8209,175,D,-,-,-8.502407,51.875344,515.34
2017.12.11_13.59.28,-8.506947,51.879035,0,A,1,LTE,-86,-7,24,13,-69,9595,175,D,-,-,-8.502407,51.875344,515.34
2017.12.11_13.59.29,-8.506947,51.879035,0,A,1,LTE,-86,-7,24,13,-69,5737,135,D,-,-,-8.502407,51.875344,515.34
2017.12.11_13.59.30,-8.506947,51.879035,0,A,1,LTE,-84,-12,22,12,-67,6274,139,D,-,-,-8.502407,51.875344,515.34
2017.12.11_13.59.31,-8.506947,51.879035,0,A,1,LTE,-84,-12,22,11,-75,5480,101,D,-,-,-8.502407,51.875344,515.34
2017.12.11_13.59.32,-8.506947,51.879035,0,A,1,LTE,-95,-10,19,9,-78,5849,135,D,-,-,-8.502407,51.875344,515.34
2017.12.11_13.59.33,-8.506947,51.879035,0,A,1,LTE,-95,-10,19,9,-78,4786,88,D,-,-,-8.502407,51.875344,515.34
2017.12.11_13.59.34,-8.506947,51.879035,0,A,1,LTE,-97,-12,16,10,-83,6128,113,D,-111,-19,-8.502407,51.875344,515.34
2017.12.11_13.59.36,-8.506947,51.879035,0,A,1,LTE,-97,-12,16,7,-80,7224,133,D,-111,-19,-8.502407,51.875344,515.34
2017.12.11_13.59.37,-8.506947,51.879035,0,A,1,LTE,-99,-8,11,9,-82,8220,173,D,-110,-19,-8.502407,51.875344,515.34
2017.12.11_13.59.38,-8.506947,51.879035,0,A,1,LTE,-99,-8,11,10,-80,7001,129,D,-110,-19,-8.502407,51.875344,515.34
2017.12.11_13.59.39,-8.506947,51.879035,0,A,1,LTE,-98,-11,10,10,-80,8343,156,D,-108,-18,-8.502407,51.875344,515.34
2017.12.11_13.59.40,-8.506947,51.879035,0,A,1,LTE,-98,-11,10,8,-,8667,160,D,-108,-18,-8.502407,51.875344,515.34
2017.12.11_13.59.41,-8.506947,51.879035,0,A,1,LTE,-102,-11,9,10,-,10199,186,D,-109,-19,-8.502407,51.875344,515.34
2017.12.11_13.59.42,-8.506947,51.879035,0,A,1,LTE,-102,-11,7,8,-88,8891,195,D,-109,-19,-8.502407,51.875344,515.34
2017.12.11_13.59.43,-8.506947,51.879035,0,A,1,LTE,-105,-12,7,8,-88,7627,141,D,-109,-20,-8.502407,51.875344,515.34
2017.12.11_13.59.45,-8.506947,51.879035,0,A,1,LTE,-105,-12,7,8,-88,8365,156,D,-109,-20,-8.502407,51.875344,515.34
2017.12.11_13.59.46,-8.506947,51.879035,0,A,1,LTE,-107,-14,4,6,-90,4272,108,D,-111,-17,-8.502407,51.875344,515.34
2017.12.11_13.59.47,-8.506947,51.879035,0,A,1,LTE,-107,-14,4,6,-93,5592,104,D,-111,-17,-8.502407,51.875344,515.34
2017.12.11_13.59.48,-8.506947,51.879035,0,A,1,LTE,-108,-14,1,7,-91,4473,83,D,-113,-18,-8.502407,51.875344,515.34
2017.12.11_13.59.49,-8.506947,51.879035,0,A,1,LTE,-108,-14,1,6,-94,7001,154,D,-113,-18,-8.502407,51.875344,515.34
2017.12.11_13.59.50,-8.506947,51.879035,0,A,1,LTE,-115,-14,1,5,-94,3019,54,D,-113,-17,-8.502407,51.875344,515.34
2017.12.11_13.59.51,-8.506947,51.879035,0,A,1,LTE,-115,-14,1,7,-,8924,163,D,-113,-17,-8.502407,51.875344,515.34
2017.12.11_13.59.52,-8.506947,51.879035,0,A,1,LTE,-115,-12,3,5,-94,6743,128,D,-109,-13,-8.502407,51.875344,515.34
2017.12.11_13.59.54,-8.506947,51.879035,0,A,1,LTE,-115,-12,3,5,-94,4317,79,D,-109,-13,-8.502407,51.875344,515.34
2017.12.11_13.59.55,-8.506947,51.879035,0,A,1,LTE,-115,-16,0,7,-,5312,98,D,-108,-12,-8.502407,51.875344,515.34
2017.12.11_13.59.56,-8.506947,51.879035,0,A,1,LTE,-115,-16,0,7,-,2147,39,D,-108,-12,-8.502407,51.875344,515.34
2017.12.11_13.59.57,-8.493234,51.876034,85,A,1,LTE,-115,-16,0,7,-,2147,39,D,-108,-12,-8.502407,51.875344,634.37
2017.12.11_13.59.57,-8.493234,51.876034,85,A,1,LTE,-116,-15,-3,7,-,3500,64,D,-111,-16,-8.502407,51.875344,634.37
2017.12.11_13.59.58,-8.493234,51.876034,85,A,1,LTE,-116,-15,-3,7,-,2449,102,D,-111,-16,-8.502407,51.875344,634.37
2017.12.11_13.59.59,-8.493234,51.876034,85,A,1,LTE,-117,-17,-5,4,-94,2449,44,D,-108,-13,-8.502407,51.875344,634.37
2017.12.11_14.00.00,-8.493234,51.876034,85,A,1,LTE,-117,-17,-5,2,-94,3813,70,D,-108,-13,-8.502407,51.875344,634.37
2017.12.11_14.00.01,-8.493234,51.876034,85,A,8,LTE,-107,-12,-6,2,-90,11519,262,D,-108,-13,-8.490071,51.874056,309.07
2017.12.11_14.00.03,-8.493234,51.876034,85,A,8,LTE,-107,-12,-6,6,-,9674,178,D,-119,-15,-8.490071,51.874056,309.07
2017.12.11_14.00.04,-8.493234,51.876034,85,A,8,LTE,-99,-11,2,6,-,9349,212,D,-117,-14,-8.490071,51.874056,309.07
2017.12.11_14.00.05,-8.493234,51.876034,85,A,8,LTE,-99,-11,2,8,-,12805,238,D,-117,-14,-8.490071,51.874056,309.07
2017.12.11_14.00.06,-8.493234,51.876034,85,A,8,LTE,-97,-15,4,8,-,12716,244,D,-119,-15,-8.490071,51.874056,309.07
2017.12.11_14.00.07,-8.493234,51.876034,85,A,8,LTE,-97,-15,4,8,-82,12101,265,D,-119,-15,-8.490071,51.874056,309.07
2017.12.11_14.00.08,-8.493234,51.876034,85,A,8,LTE,-99,-9,6,8,-82,8499,185,D,-122,-15,-8.490071,51.874056,309.07
2017.12.11_14.00.09,-8.493234,51.876034,85,A,8,LTE,-99,-9,6,8,-84,7448,137,D,-122,-15,-8.490071,51.874056,309.07
2017.12.11_14.00.10,-8.493234,51.876034,85,A,8,LTE,-105,-14,4,8,-85,7504,138,D,-122,-17,-8.490071,51.874056,309.07
2017.12.11_14.00.12,-8.493234,51.876034,85,A,8,LTE,-105,-14,4,7,-88,6777,126,D,-122,-17,-8.490071,51.874056,309.07
2017.12.11_14.00.13,-8.493234,51.876034,85,A,8,LTE,-105,-14,3,7,-88,6542,133,D,-118,-12,-8.490071,51.874056,309.07
2017.12.11_14.00.14,-8.493234,51.876034,85,A,8,LTE,-105,-14,3,7,-88,4753,88,D,-118,-12,-8.490071,51.874056,309.07
2017.12.11_14.00.15,-8.493234,51.876034,85,A,8,LTE,-105,-15,2,10,-80,9853,181,D,-120,-15,-8.490071,51.874056,309.07
2017.12.11_14.00.16,-8.493234,51.876034,85,A,8,LTE,-105,-15,2,10,-80,10703,197,D,-120,-15,-8.490071,51.874056,309.07
2017.12.11_14.00.17,-8.493234,51.876034,85,A,8,LTE,-96,-13,7,10,-74,9741,205,D,-118,-13,-8.490071,51.874056,309.07
2017.12.11_14.00.18,-8.493234,51.876034,85,A,8,LTE,-96,-13,7,9,-78,10181,185,D,-118,-13,-8.490071,51.874056,309.07
2017.12.11_14.00.19,-8.493234,51.876034,85,A,8,LTE,-97,-14,9,9,-80,11195,205,D,-117,-14,-8.490071,51.874056,309.07
2017.12.11_14.00.21,-8.493234,51.876034,85,A,8,LTE,-97,-14,9,9,-80,11362,207,D,-117,-14,-8.490071,51.874056,309.07
2017.12.11_14.00.22,-8.493234,51.876034,85,A,8,LTE,-96,-14,10,10,-77,11888,255,D,-113,-14,-8.490071,51.874056,309.07
2017.12.11_14.00.23,-8.493234,51.876034,85,A,8,LTE,-96,-14,10,10,-,7806,142,D,-113,-14,-8.490071,51.874056,309.07
2017.12.11_14.00.24,-8.493234,51.876034,85,A,8,LTE,-93,-13,10,9,-,7851,166,D,-115,-17,-8.490071,51.874056,309.07
2017.12.11_14.00.25,-8.493234,51.876034,85,A,8,LTE,-93,-13,10,9,-,7582,136,D,-115,-17,-8.490071,51.874056,309.07
2017.12.11_14.00.26,-8.493234,51.876034,85,A,8,LTE,-93,-15,10,9,-,8913,162,D,-114,-14,-8.490071,51.874056,309.07
2017.12.11_14.00.27,-8.493234,51.876034,85,A,8,LTE,-93,-15,10,9,-74,8768,186,D,-114,-14,-8.490071,51.874056,309.07
2017.12.11_14.00.28,-8.493234,51.876034,85,A,8,LTE,-91,-12,9,9,-74,9148,168,D,-,-,-8.490071,51.874056,309.07
2017.12.11_14.00.30,-8.493234,51.876034,85,A,8,LTE,-91,-12,9,11,-76,8902,160,D,-,-,-8.490071,51.874056,309.07
2017.12.11_14.00.31,-8.493234,51.876034,85,A,8,LTE,-93,-14,9,9,-74,10434,190,D,-,-,-8.490071,51.874056,309.07
2017.12.11_14.00.32,-8.493234,51.876034,85,A,8,LTE,-93,-14,9,12,-71,7403,181,D,-,-,-8.490071,51.874056,309.07
2017.12.11_14.00.33,-8.493234,51.876034,85,A,8,LTE,-88,-15,13,12,-69,7918,147,D,-,-,-8.490071,51.874056,309.07
2017.12.11_14.00.34,-8.493234,51.876034,85,A,8,LTE,-88,-15,13,12,-67,9282,171,D,-,-,-8.490071,51.874056,309.07
2017.12.11_14.00.35,-8.493234,51.876034,85,A,8,LTE,-84,-14,16,12,-67,10121,179,D,-,-,-8.490071,51.874056,309.07
2017.12.11_14.00.36,-8.478717,51.874785,95,A,8,LTE,-84,-14,16,12,-67,10121,179,D,-,-,-8.490071,51.874056,783.66
2017.12.11_14.00.36,-8.478717,51.874785,95,A,8,LTE,-84,-14,16,12,-67,9495,168,D,-,-,-8.490071,51.874056,783.66
2017.12.11_14.00.37,-8.478717,51.874785,95,A,8,LTE,-85,-15,16,12,-67,10546,193,D,-,-,-8.490071,51.874056,783.66
2017.12.11_14.00.38,-8.478717,51.874785,95,A,8,LTE,-85,-15,16,15,-65,9618,201,D,-,-,-8.490071,51.874056,783.66
2017.12.11_14.00.40,-8.478717,51.874785,95,A,8,LTE,-82,-15,16,15,-61,9752,171,D,-,-,-8.490071,51.874056,783.66
2017.12.11_14.00.41,-8.478717,51.874785,95,A,8,LTE,-82,-15,16,15,-58,10826,187,D,-,-,-8.490071,51.874056,783.66
2017.12.11_14.00.42,-8.478717,51.874785,95,A,8,LTE,-75,-14,19,15,-58,11295,207,D,-,-,-8.490071,51.874056,783.66
2017.12.11_14.00.43,-8.478717,51.874785,95,A,8,LTE,-75,-14,19,15,-54,12302,222,D,-,-,-8.490071,51.874056,783.66
2017.12.11_14.00.44,-8.478717,51.874785,95,A,8,LTE,-71,-14,21,15,-54,11206,238,D,-,-,-8.490071,51.874056,783.66
2017.12.11_14.00.45,-8.478717,51.874785,95,A,8,LTE,-71,-14,21,15,-57,12727,228,D,-,-,-8.490071,51.874056,783.66
2017.12.11_14.00.46,-8.478717,51.874785,95,A,8,LTE,-74,-11,21,15,-52,10401,241,D,-,-,-8.490071,51.874056,783.66
2017.12.11_14.00.47,-8.478717,51.874785,95,A,8,LTE,-74,-11,21,13,-54,9416,177,D,-,-,-8.490071,51.874056,783.66
2017.12.11_14.00.49,-8.478717,51.874785,95,A,8,LTE,-70,-11,22,13,-54,10367,187,D,-,-,-8.490071,51.874056,783.66
2017.12.11_14.00.50,-8.478717,51.874785,95,A,8,LTE,-70,-11,22,11,-62,8812,182,D,-,-,-8.490071,51.874056,783.66
2017.12.11_14.00.51,-8.478717,51.874785,95,A,8,LTE,-79,-8,20,15,-55,10848,200,D,-,-,-8.490071,51.874056,783.66
2017.12.11_14.00.52,-8.478717,51.874785,95,A,8,LTE,-79,-8,20,15,-55,10087,183,D,-,-,-8.490071,51.874056,783.66
2017.12.11_14.00.53,-8.478717,51.874785,95,A,8,LTE,-72,-13,18,9,-70,10580,226,D,-,-,-8.490071,51.874056,783.66
2017.12.11_14.00.54,-8.478717,51.874785,95,A,8,LTE,-72,-13,10,14,-61,8891,184,D,-,-,-8.490071,51.874056,783.66
2017.12.11_14.00.55,-8.478717,51.874785,95,A,1,LTE,-78,-6,10,14,-61,8097,143,D,-,-,-8.469066,51.875152,663.79
2017.12.11_14.00.56,-8.478717,51.874785,95,A,1,LTE,-78,-6,10,14,-61,10110,183,D,-84,-10,-8.469066,51.875152,663.79
2017.12.11_14.00.58,-8.478717,51.874785,95,A,1,LTE,-82,-5,18,12,-65,11295,197,D,-,-,-8.469066,51.875152,663.79
2017.12.11_14.00.59,-8.478717,51.874785,95,A,1,LTE,-82,-5,18,15,-61,11161,232,D,-,-,-8.469066,51.875152,663.79
2017.12.11_14.01.00,-8.478717,51.874785,95,A,1,LTE,-81,-7,20,14,-64,11966,218,D,-,-,-8.469066,51.875152,663.79
2017.12.11_14.01.01,-8.478717,51.874785,95,A,1,LTE,-81,-7,20,12,-66,12056,223,D,-,-,-8.469066,51.875152,663.79
2017.12.11_14.01.02,-8.478717,51.874785,95,A,1,LTE,-87,-8,16,9,-70,11094,228,D,-,-,-8.469066,51.875152,663.79
2017.12.11_14.01.03,-8.478717,51.874785,95,A,1,LTE,-87,-8,16,9,-70,11855,216,D,-,-,-8.469066,51.875152,663.79
2017.12.11_14.01.04,-8.478717,51.874785,95,A,1,LTE,-86,-6,14,11,-73,12168,256,D,-,-,-8.469066,51.875152,663.79
2017.12.11_14.01.05,-8.478717,51.874785,95,A,1,LTE,-86,-6,14,11,-73,9551,173,D,-,-,-8.469066,51.875152,663.79
2017.12.11_14.01.07,-8.478717,51.874785,95,A,1,LTE,-92,-8,10,11,-75,10177,208,D,-94,-10,-8.469066,51.875152,663.79
2017.12.11_14.01.08,-8.478717,51.874785,95,A,1,LTE,-92,-8,10,8,-77,10367,190,D,-94,-10,-8.469066,51.875152,663.79
2017.12.11_14.01.09,-8.478717,51.874785,95,A,1,LTE,-95,-10,7,8,-77,10915,200,D,-99,-14,-8.469066,51.875152,663.79
2017.12.11_14.01.10,-8.478717,51.874785,95,A,1,LTE,-95,-10,7,10,-81,10457,226,D,-99,-14,-8.469066,51.875152,663.79
2017.12.11_14.01.11,-8.478717,51.874785,95,A,1,LTE,-98,-10,6,10,-81,9741,208,D,-99,-13,-8.469066,51.875152,663.79
2017.12.11_14.01.12,-8.478717,51.874785,95,A,1,LTE,-98,-10,6,10,-81,6240,113,D,-99,-13,-8.469066,51.875152,663.79
2017.12.11_14.01.13,-8.478717,51.874785,95,A,1,LTE,-99,-8,7,10,-81,7269,153,D,-101,-10,-8.469066,51.875152,663.79
2017.12.11_14.01.14,-8.478717,51.874785,95,A,1,LTE,-99,-8,7,10,-81,6688,141,D,-101,-10,-8.469066,51.875152,663.79
2017.12.11_14.01.15,-8.464227,51.874046,94,A,1,LTE,-99,-8,7,10,-81,6688,141,D,-101,-10,-8.469066,51.875152,354.23
2017.12.11_14.01.16,-8.464227,51.874046,94,A,1,LTE,-94,-7,11,9,-,6654,128,D,-101,-11,-8.469066,51.875152,354.23
2017.12.11_14.01.17,-8.464227,51.874046,94,A,1,LTE,-94,-7,11,9,-,7873,144,D,-101,-11,-8.469066,51.875152,354.23
2017.12.11_14.01.18,-8.464227,51.874046,94,A,1,LTE,-97,-8,13,9,-,9372,169,D,-103,-15,-8.469066,51.875152,354.23
2017.12.11_14.01.19,-8.464227,51.874046,94,A,1,LTE,-97,-8,13,15,-75,10043,182,D,-103,-15,-8.469066,51.875152,354.23
2017.12.11_14.01.20,-8.464227,51.874046,94,A,1,LTE,-95,-5,15,12,-78,8924,187,D,-104,-12,-8.469066,51.875152,354.23
2017.12.11_14.01.21,-8.464227,51.874046,94,A,1,LTE,-95,-5,15,12,-78,10087,187,D,-104,-12,-8.469066,51.875152,354.23
2017.12.11_14.01.22,-8.464227,51.874046,94,A,1,LTE,-95,-6,14,9,-81,10580,225,D,-106,-14,-8.469066,51.875152,354.23
2017.12.11_14.01.23,-8.464227,51.874046,94,A,1,LTE,-95,-6,14,9,-81,9909,183,D,-106,-14,-8.469066,51.875152,354.23
2017.12.11_14.01.24,-8.464227,51.874046,94,A,1,LTE,-99,-8,11,9,-81,10568,195,D,-99,-10,-8.469066,51.875152,354.23
2017.12.11_14.01.26,-8.464227,51.874046,94,A,1,LTE,-99,-8,11,9,-79,9998,207,D,-99,-10,-8.469066,51.875152,354.23
2017.12.11_14.01.27,-8.464227,51.874046,94,A,1,LTE,-97,-7,11,9,-79,10490,194,D,-102,-17,-8.469066,51.875152,354.23
2017.12.11_14.01.28,-8.464227,51.874046,94,A,1,LTE,-97,-7,11,10,-76,12045,236,D,-102,-17,-8.469066,51.875152,354.23
2017.12.11_14.01.29,-8.464227,51.874046,94,A,1,LTE,-92,-8,13,10,-76,8913,190,D,-100,-16,-8.469066,51.875152,354.23
2017.12.11_14.01.30,-8.464227,51.874046,94,A,1,LTE,-92,-8,12,9,-,9909,189,D,-100,-16,-8.469066,51.875152,354.23
2017.12.11_14.01.31,-8.464227,51.874046,94,A,1,LTE,-99,-9,12,9,-,10937,275,D,-102,-11,-8.469066,51.875152,354.23
2017.12.11_14.01.32,-8.464227,51.874046,94,A,1,LTE,-99,-9,12,9,-78,9484,197,D,-102,-11,-8.469066,51.875152,354.23
2017.12.11_14.01.33,-8.464227,51.874046,94,A,1,LTE,-92,-8,12,10,-,7616,168,D,-100,-11,-8.469066,51.875152,354.23
2017.12.11_14.01.35,-8.464227,51.874046,94,A,1,LTE,-92,-8,12,9,-,7828,138,D,-100,-11,-8.469066,51.875152,354.23
2017.12.11_14.01.36,-8.464227,51.874046,94,A,1,LTE,-94,-8,13,9,-,8264,152,D,-96,-10,-8.469066,51.875152,354.23
2017.12.11_14.01.37,-8.464227,51.874046,94,A,1,LTE,-94,-8,13,11,-80,8701,157,D,-96,-10,-8.469066,51.875152,354.23
2017.12.11_14.01.38,-8.464227,51.874046,94,A,1,LTE,-92,-10,9,9,-75,9484,175,D,-95,-9,-8.469066,51.875152,354.23
2017.12.11_14.01.39,-8.464227,51.874046,94,A,1,LTE,-92,-10,9,12,-77,10121,188,D,-95,-9,-8.469066,51.875152,354.23
2017.12.11_14.01.40,-8.464227,51.874046,94,A,1,LTE,-94,-13,6,12,-77,9774,205,D,-96,-13,-8.469066,51.875152,354.23
2017.12.11_14.01.41,-8.464227,51.874046,94,A,1,LTE,-94,-13,6,12,-77,6173,136,D,-96,-13,-8.469066,51.875152,354.23
2017.12.11_14.01.42,-8.464227,51.874046,94,A,1,LTE,-102,-9,6,8,-85,8153,152,D,-97,-9,-8.469066,51.875152,354.23
2017.12.11_14.01.44,-8.464227,51.874046,94,A,1,LTE,-102,-9,6,2,-82,8432,156,D,-97,-9,-8.469066,51.875152,354.23
2017.12.11_14.01.45,-8.464227,51.874046,94,A,2,LTE,-97,-8,5,10,-,9618,176,D,-97,-9,-8.429367,51.897445,3534.67
2017.12.11_14.01.46,-8.464227,51.874046,94,A,2,LTE,-97,-8,5,9,-,10993,200,D,-102,-13,-8.429367,51.897445,3534.67
2017.12.11_14.01.47,-8.464227,51.874046,94,A,2,LTE,-100,-11,4,8,-83,12168,225,D,-102,-13,-8.429367,51.897445,3534.67
2017.12.11_14.01.48,-8.464227,51.874046,94,A,2,LTE,-100,-11,4,8,-83,14943,291,D,-102,-13,-8.429367,51.897445,3534.67
2017.12.11_14.01.49,-8.464227,51.874046,94,A,2,LTE,-99,-15,0,8,-83,12649,210,D,-99,-14,-8.429367,51.897445,3534.67
2017.12.11_14.01.50,-8.464227,51.874046,94,A,2,LTE,-99,-15,0,7,-80,14438,256,D,-99,-14,-8.429367,51.897445,3534.67
2017.12.11_14.01.52,-8.464227,51.874046,94,A,1,LTE,-94,-13,-1,2,-77,28597,478,D,-99,-14,-8.445003,51.874263,1319.96
2017.12.11_14.01.53,-8.464227,51.874046,94,A,1,LTE,-94,-13,-1,2,-77,52665,868,D,-98,-15,-8.445003,51.874263,1319.96
2017.12.11_14.01.54,-8.464227,51.874046,94,A,1,LTE,-93,-8,11,2,-77,41112,803,D,-,-,-8.445003,51.874263,1319.96
2017.12.11_14.01.55,-8.449537,51.874201,90,A,1,LTE,-93,-8,11,2,-77,41112,803,D,-,-,-8.445003,51.874263,311.34
2017.12.11_14.01.55,-8.449537,51.874201,90,A,1,LTE,-93,-8,11,2,-77,42040,656,D,-,-,-8.445003,51.874263,311.34
2017.12.11_14.01.56,-8.449537,51.874201,90,A,1,LTE,-93,-10,13,10,-,36213,669,D,-,-,-8.445003,51.874263,311.34
2017.12.11_14.01.57,-8.449537,51.874201,90,A,1,LTE,-93,-10,13,10,-75,30185,506,D,-,-,-8.445003,51.874263,311.34
2017.12.11_14.01.58,-8.449537,51.874201,90,A,1,LTE,-92,-13,13,10,-75,44590,880,D,-,-,-8.445003,51.874263,311.34
2017.12.11_14.01.59,-8.449537,51.874201,90,A,1,LTE,-92,-13,13,10,-75,42510,753,D,-,-,-8.445003,51.874263,311.34
2017.12.11_14.02.00,-8.449537,51.874201,90,A,1,LTE,-93,-13,14,9,-78,40564,767,D,-,-,-8.445003,51.874263,311.34
2017.12.11_14.02.02,-8.449537,51.874201,90,A,1,LTE,-93,-13,14,10,-76,41011,733,D,-,-,-8.445003,51.874263,311.34
2017.12.11_14.02.03,-8.449537,51.874201,90,A,1,LTE,-95,-12,15,11,-78,43774,776,D,-,-,-8.445003,51.874263,311.34
2017.12.11_14.02.04,-8.449537,51.874201,90,A,1,LTE,-95,-12,15,10,-81,38327,653,D,-,-,-8.445003,51.874263,311.34
2017.12.11_14.02.05,-8.449537,51.874201,90,A,1,LTE,-99,-10,14,10,-81,40631,732,D,-,-,-8.445003,51.874263,311.34
2017.12.11_14.02.06,-8.449537,51.874201,90,A,1,LTE,-99,-10,14,9,-86,36247,646,D,-,-,-8.445003,51.874263,311.34
2017.12.11_14.02.07,-8.449537,51.874201,90,A,1,LTE,-102,-12,10,10,-,35263,745,D,-,-,-8.445003,51.874263,311.34
2017.12.11_14.02.08,-8.449537,51.874201,90,A,1,LTE,-102,-12,10,8,-,29801,485,D,-,-,-8.445003,51.874263,311.34
2017.12.11_14.02.09,-8.449537,51.874201,90,A,1,LTE,-102,-11,9,7,-90,23754,436,D,-,-,-8.445003,51.874263,311.34
2017.12.11_14.02.10,-8.449537,51.874201,90,A,1,LTE,-102,-11,9,7,-90,21663,590,D,-,-,-8.445003,51.874263,311.34
2017.12.11_14.02.11,-8.449537,51.874201,90,A,1,LTE,-108,-14,6,7,-90,22569,413,D,-109,-17,-8.445003,51.874263,311.34
2017.12.11_14.02.12,-8.449537,51.874201,90,A,1,LTE,-108,-14,6,5,-92,11172,301,D,-109,-17,-8.445003,51.874263,311.34
2017.12.11_14.02.14,-8.449537,51.874201,90,A,1,LTE,-108,-14,1,5,-92,4988,92,D,-104,-16,-8.445003,51.874263,311.34
2017.12.11_14.02.15,-8.449537,51.874201,90,A,1,LTE,-108,-14,1,5,-92,3992,133,D,-104,-16,-8.445003,51.874263,311.34
2017.12.11_14.02.16,-8.449537,51.874201,90,A,1,LTE,-110,-14,-1,5,-92,8074,209,D,-107,-16,-8.445003,51.874263,311.34
2017.12.11_14.02.17,-8.449537,51.874201,90,A,1,LTE,-110,-14,-1,7,-,13756,254,D,-107,-16,-8.445003,51.874263,311.34
2017.12.11_14.02.18,-8.449537,51.874201,90,A,1,LTE,-108,-13,0,7,-,10803,200,D,-108,-20,-8.445003,51.874263,311.34
2017.12.11_14.02.19,-8.449537,51.874201,90,A,1,LTE,-108,-13,0,7,-88,6140,118,D,-108,-20,-8.445003,51.874263,311.34
2017.12.11_14.02.20,-8.449537,51.874201,90,A,1,LTE,-105,-13,1,7,-93,9212,169,D,-,-,-8.445003,51.874263,311.34
2017.12.11_14.02.21,-8.449537,51.874201,90,A,1,LTE,-105,-13,1,7,-91,14080,260,D,-,-,-8.445003,51.874263,311.34
2017.12.11_14.02.23,-8.449537,51.874201,90,A,1,LTE,-112,-15,0,7,-94,9808,180,D,-116,-19,-8.445003,51.874263,311.34
2017.12.11_14.02.24,-8.449537,51.874201,90,A,1,LTE,-112,-15,0,5,-94,3880,71,D,-116,-19,-8.445003,51.874263,311.34
2017.12.11_14.02.25,-8.449537,51.874201,90,A,1,LTE,-115,-18,-5,5,-94,961,18,D,-113,-17,-8.445003,51.874263,311.34
2017.12.11_14.02.26,-8.449537,51.874201,90,A,1,LTE,-115,-18,-5,6,-91,1968,98,D,-113,-17,-8.445003,51.874263,311.34
2017.12.11_14.02.27,-8.449537,51.874201,90,A,1,LTE,-108,-16,-7,7,-86,7448,138,D,-104,-15,-8.445003,51.874263,311.34
2017.12.11_14.02.28,-8.449537,51.874201,90,A,1,LTE,-108,-16,-7,2,-89,1554,40,D,-104,-15,-8.445003,51.874263,311.34
2017.12.11_14.02.29,-8.449537,51.874201,90,A,2,LTE,-106,-13,-8,6,-92,16664,329,D,-104,-15,-8.418677,51.879354,2194.56
2017.12.11_14.02.30,-8.449537,51.874201,90,A,2,LTE,-106,-13,-8,6,-87,19426,355,D,-,-,-8.418677,51.879354,2194.56
2017.12.11_14.02.32,-8.449537,51.874201,90,A,2,LTE,-107,-15,-1,8,-90,16261,334,D,-,-,-8.418677,51.879354,2194.56
2017.12.11_14.02.33,-8.449537,51.874201,90,A,2,LTE,-107,-15,-1,9,-,21462,396,D,-,-,-8.418677,51.879354,2194.56
2017.12.11_14.02.34,-8.449537,51.874201,90,A,2,LTE,-104,-13,1,7,-87,18722,386,D,-,-,-8.418677,51.879354,2194.56
2017.12.11_14.02.35,-8.449537,51.874201,90,A,2,LTE,-104,-13,1,8,-92,19672,352,D,-,-,-8.418677,51.879354,2194.56
2017.12.11_14.02.36,-8.436919,51.878795,82,A,2,LTE,-104,-13,-3,5,-94,19672,352,D,-,-,-8.418677,51.879354,1253.73
2017.12.11_14.02.36,-8.436919,51.878795,82,A,2,LTE,-111,-16,-3,9,-92,13856,257,D,-116,-20,-8.418677,51.879354,1253.73
2017.12.11_14.02.37,-8.436919,51.878795,82,A,2,LTE,-111,-16,-3,8,-,16406,335,D,-116,-20,-8.418677,51.879354,1253.73
2017.12.11_14.02.38,-8.436919,51.878795,82,A,2,LTE,-111,-13,-2,7,-,19437,361,D,-114,-17,-8.418677,51.879354,1253.73
2017.12.11_14.02.39,-8.436919,51.878795,82,A,2,LTE,-111,-13,-2,7,-,13801,253,D,-114,-17,-8.418677,51.879354,1253.73
2017.12.11_14.02.41,-8.436919,51.878795,82,A,2,LTE,-106,-13,1,7,-,18442,340,D,-111,-20,-8.418677,51.879354,1253.73
2017.12.11_14.02.42,-8.436919,51.878795,82,A,2,LTE,-106,-13,1,5,-92,12335,227,D,-111,-20,-8.418677,51.879354,1253.73
2017.12.11_14.02.43,-8.436919,51.878795,82,A,2,LTE,-105,-14,-2,8,-,19795,366,D,-111,-18,-8.418677,51.879354,1253.73
2017.12.11_14.02.44,-8.436919,51.878795,82,A,2,LTE,-105,-14,-2,8,-,16585,304,D,-111,-18,-8.418677,51.879354,1253.73
2017.12.11_14.02.45,-8.436919,51.878795,82,A,2,LTE,-103,-13,2,5,-,20533,402,D,-,-,-8.418677,51.879354,1253.73
2017.12.11_14.02.46,-8.436919,51.878795,82,A,2,LTE,-103,-13,2,10,-88,22513,409,D,-,-,-8.418677,51.879354,1253.73
2017.12.11_14.02.47,-8.436919,51.878795,82,A,2,LTE,-105,-13,5,9,-92,19314,324,D,-,-,-8.418677,51.879354,1253.73
2017.12.11_14.02.48,-8.436919,51.878795,82,A,2,LTE,-105,-13,5,7,-87,22860,401,D,-,-,-8.418677,51.879354,1253.73
2017.12.11_14.02.49,-8.436919,51.878795,82,A,2,LTE,-104,-13,3,9,-90,19840,355,D,-,-,-8.418677,51.879354,1253.73
2017.12.11_14.02.50,-8.436919,51.878795,82,A,2,LTE,-104,-13,3,6,-93,20254,369,D,-,-,-8.418677,51.879354,1253.73
2017.12.11_14.02.52,-8.436919,51.878795,82,A,2,LTE,-112,-14,0,8,-94,21372,440,D,-113,-16,-8.418677,51.879354,1253.73
2017.12.11_14.02.53,-8.436919,51.878795,82,A,2,LTE,-112,-14,0,9,-91,12403,230,D,-113,-16,-8.418677,51.879354,1253.73
2017.12.11_14.02.54,-8.436919,51.878795,82,A,2,LTE,-108,-15,0,8,-,34826,603,D,-,-,-8.418677,51.879354,1253.73
2017.12.11_14.02.55,-8.436919,51.878795,82,A,2,LTE,-108,-15,0,8,-,39826,726,D,-,-,-8.418677,51.879354,1253.73
2017.12.11_14.02.56,-8.436919,51.878795,82,A,2,LTE,-111,-14,1,5,-94,16809,314,D,-114,-17,-8.418677,51.879354,1253.73
2017.12.11_14.02.57,-8.436919,51.878795,82,A,2,LTE,-111,-14,1,6,-94,21797,287,D,-114,-17,-8.418677,51.879354,1253.73
2017.12.11_14.02.58,-8.436919,51.878795,82,A,2,LTE,-111,-15,-2,6,-94,43472,1070,D,-112,-16,-8.418677,51.879354,1253.73
2017.12.11_14.02.59,-8.436919,51.878795,82,A,2,LTE,-111,-15,-2,6,-94,21070,380,D,-112,-16,-8.418677,51.879354,1253.73
2017.12.11_14.03.00,-8.436919,51.878795,82,A,2,LTE,-111,-14,-1,6,-94,25566,651,D,-111,-14,-8.418677,51.879354,1253.73
2017.12.11_14.03.02,-8.436919,51.878795,82,A,2,LTE,-111,-14,-1,6,-94,22703,360,D,-111,-14,-8.418677,51.879354,1253.73
2017.12.11_14.03.03,-8.436919,51.878795,82,A,2,LTE,-111,-16,-6,6,-94,23732,433,D,-112,-17,-8.418677,51.879354,1253.73
2017.12.11_14.03.04,-8.436919,51.878795,82,A,2,LTE,-111,-16,-6,6,-94,28586,502,D,-112,-17,-8.418677,51.879354,1253.73
2017.12.11_14.03.05,-8.436919,51.878795,82,A,2,LTE,-107,-12,-1,5,-90,23900,660,D,-,-,-8.418677,51.879354,1253.73
2017.12.11_14.03.06,-8.436919,51.878795,82,A,2,LTE,-107,-12,-1,6,-94,21294,444,D,-,-,-8.418677,51.879354,1253.73
2017.12.11_14.03.07,-8.436919,51.878795,82,A,2,LTE,-111,-16,-3,6,-94,14718,269,D,-108,-14,-8.418677,51.879354,1253.73
2017.12.11_14.03.08,-8.436919,51.878795,82,A,2,LTE,-111,-16,-3,8,-94,13189,241,D,-108,-14,-8.418677,51.879354,1253.73
2017.12.11_14.03.09,-8.436919,51.878795,82,A,2,LTE,-114,-15,-5,8,-94,7784,111,D,-117,-18,-8.418677,51.879354,1253.73
2017.12.11_14.03.10,-8.436919,51.878795,82,A,2,LTE,-114,-15,-5,8,-94,7034,219,D,-117,-18,-8.418677,51.879354,1253.73
2017.12.11_14.03.12,-8.436919,51.878795,82,A,2,LTE,-118,-18,-3,4,-94,5759,101,D,-119,-16,-8.418677,51.879354,1253.73
2017.12.11_14.03.13,-8.436919,51.878795,82,A,2,LTE,-118,-18,-3,6,-94,2639,61,D,-119,-16,-8.418677,51.879354,1253.73
2017.12.11_14.03.14,-8.436919,51.878795,82,A,7,LTE,-113,-17,-5,6,-94,7549,267,D,-119,-16,-8.417099,51.870461,1646.24
2017.12.11_14.03.15,-8.436919,51.878795,82,A,47623,HSPA+,-200,-,-,-,-,391,16,D,-106,-14,-8.417099,51.870461,1646.24
2017.12.11_14.03.16,-8.436919,51.878795,82,A,47623,HSPA+,-65,-2,-,-,-,3657,178,D,-106,-14,-8.43161,51.876679,433.79
2017.12.11_14.03.17,-8.436919,51.878795,82,A,47623,HSPA+,-65,-2,-,-,-,4317,79,D,-51,-24,-8.43161,51.876679,433.79
2017.12.11_14.03.18,-8.422511,51.880338,85,A,47623,HSPA+,-65,-2,-,-,-,4317,79,D,-51,-24,-8.43161,51.876679,745.42
2017.12.11_14.03.18,-8.422511,51.880338,85,A,47623,HSPA+,-69,-2,-,-,-,6240,109,D,-51,-24,-8.43161,51.876679,745.42
2017.12.11_14.03.19,-8.422511,51.880338,85,A,47623,HSPA+,-69,-2,-,-,-,2348,44,D,-51,-24,-8.43161,51.876679,745.42
2017.12.11_14.03.20,-8.422511,51.880338,85,A,47623,HSPA+,-75,-2,-,-,-,1274,27,D,-51,-24,-8.43161,51.876679,745.42
2017.12.11_14.03.22,-8.422511,51.880338,85,A,47623,HSPA+,-75,-2,-,-,-,3511,63,D,-51,-24,-8.43161,51.876679,745.42
2017.12.11_14.03.23,-8.422511,51.880338,85,A,47623,HSPA+,-79,-2,-,-,-,973,17,D,-51,-24,-8.43161,51.876679,745.42
2017.12.11_14.03.24,-8.422511,51.880338,85,A,47623,HSPA+,-79,-2,-,-,-,984,19,D,-51,-24,-8.43161,51.876679,745.42
2017.12.11_14.03.25,-8.422511,51.880338,85,A,47623,HSPA+,-75,-2,-,-,-,7795,239,D,-51,-24,-,-,-
2017.12.11_14.03.26,-8.422511,51.880338,85,A,47623,HSPA+,-75,-2,-,-,-,11810,221,D,-51,-24,-,-,-
2017.12.11_14.03.27,-8.422511,51.880338,85,A,47623,HSPA+,-69,-2,-,-,-,10727,197,D,-51,-24,-,-,-
2017.12.11_14.03.28,-8.422511,51.880338,85,A,47623,HSPA+,-69,-2,-,-,-,11910,225,D,-51,-24,-,-,-
2017.12.11_14.03.29,-8.422511,51.880338,85,A,47623,HSPA+,-67,-2,-,-,-,19773,361,D,-51,-24,-,-,-
2017.12.11_14.03.30,-8.422511,51.880338,85,A,47623,HSPA+,-67,-2,-,-,-,8074,243,D,-51,-24,-,-,-
2017.12.11_14.03.31,-8.422511,51.880338,85,A,47623,HSPA+,-71,-2,-,-,-,5949,109,D,-51,-24,-,-,-
2017.12.11_14.03.33,-8.422511,51.880338,85,A,47623,HSPA+,-71,-2,-,-,-,8030,146,D,-51,-24,-,-,-
2017.12.11_14.03.34,-8.422511,51.880338,85,A,47623,HSPA+,-63,-2,-,-,-,14606,264,D,-51,-24,-,-,-
2017.12.11_14.03.35,-8.422511,51.880338,85,A,47623,HSPA+,-63,-2,-,-,-,16630,396,D,-51,-24,-,-,-
2017.12.11_14.03.36,-8.422511,51.880338,85,A,47623,HSPA+,-65,-2,-,-,-,6553,120,D,-51,-24,-,-,-
2017.12.11_14.03.37,-8.422511,51.880338,85,A,47623,HSPA+,-65,-2,-,-,-,5234,96,D,-51,-24,-,-,-
2017.12.11_14.03.38,-8.422511,51.880338,85,A,47623,HSPA+,-67,-2,-,-,-,3377,62,D,-51,-24,-,-,-
2017.12.11_14.03.39,-8.422511,51.880338,85,A,47623,HSPA+,-67,-2,-,-,-,3131,52,D,-51,-24,-,-,-
2017.12.11_14.03.40,-8.422511,51.880338,85,A,47623,HSPA+,-69,-2,-,-,-,2851,53,D,-51,-24,-,-,-
2017.12.11_14.03.42,-8.422511,51.880338,85,A,47623,HSPA+,-69,-2,-,-,-,6128,111,D,-51,-24,-,-,-
2017.12.11_14.03.43,-8.422511,51.880338,85,A,47623,HSPA+,-71,-2,-,-,-,2527,47,D,-51,-24,-,-,-
2017.12.11_14.03.44,-8.422511,51.880338,85,A,47623,HSPA+,-71,-2,-,-,-,4026,74,D,-51,-24,-,-,-
2017.12.11_14.03.45,-8.422511,51.880338,85,A,47623,HSPA+,-77,-2,-,-,-,4451,82,D,-51,-24,-,-,-
2017.12.11_14.03.46,-8.422511,51.880338,85,A,47623,HSPA+,-77,-2,-,-,-,8343,157,D,-51,-24,-,-,-
2017.12.11_14.03.47,-8.422511,51.880338,85,A,47623,HSPA+,-73,-2,-,-,-,9718,183,D,-51,-24,-,-,-
2017.12.11_14.03.48,-8.422511,51.880338,85,A,47623,HSPA+,-73,-2,-,-,-,8298,152,D,-51,-24,-,-,-
2017.12.11_14.03.49,-8.422511,51.880338,85,A,47623,HSPA+,-71,-2,-,-,-,13510,247,D,-51,-24,-,-,-
2017.12.11_14.03.50,-8.422511,51.880338,85,A,47623,HSPA+,-71,-2,-,-,-,17324,494,D,-51,-24,-,-,-
2017.12.11_14.03.52,-8.422511,51.880338,85,A,47623,HSPA+,-67,-2,-,-,-,15926,288,D,-51,-24,-,-,-
2017.12.11_14.03.53,-8.422511,51.880338,85,A,47623,HSPA+,-67,-2,-,-,-,14270,260,D,-51,-24,-,-,-
2017.12.11_14.03.54,-8.422511,51.880338,85,A,47623,HSPA+,-63,-2,-,-,-,8544,156,D,-51,-24,-,-,-
2017.12.11_14.03.55,-8.422511,51.880338,85,A,47623,HSPA+,-63,-2,-,-,-,16429,302,D,-51,-24,-,-,-
2017.12.11_14.03.56,-8.422511,51.880338,85,A,47623,HSPA+,-55,-2,-,-,-,23508,636,D,-51,-24,-,-,-
2017.12.11_14.03.57,-8.422511,51.880338,85,A,47623,HSPA+,-55,-2,-,-,-,19460,497,D,-51,-24,-,-,-
2017.12.11_14.03.58,-8.422511,51.880338,85,A,47623,HSPA+,-51,-2,-,-,-,20970,506,D,-51,-24,-,-,-
2017.12.11_14.03.59,-8.422511,51.880338,85,A,47623,HSPA+,-51,-2,-,-,-,13331,241,D,-51,-24,-,-,-
2017.12.11_14.04.00,-8.422511,51.880338,85,A,47623,HSPA+,-51,-2,-,-,-,9428,173,D,-51,-24,-,-,-
2017.12.11_14.04.01,-8.408166,51.882468,88,A,47623,HSPA+,-51,-2,-,-,-,10524,191,D,-51,-24,-,-,-
2017.12.11_14.04.01,-8.408166,51.882468,88,A,47623,HSPA+,-51,-2,-,-,-,10524,191,D,-51,-24,-,-,-
2017.12.11_14.04.03,-8.408166,51.882468,88,A,47623,HSPA+,-51,-2,-,-,-,18330,341,D,-51,-24,-,-,-
2017.12.11_14.04.04,-8.408166,51.882468,88,A,47623,HSPA+,-51,-2,-,-,-,16664,301,D,-51,-24,-,-,-
2017.12.11_14.04.05,-8.408166,51.882468,88,A,47623,HSPA+,-51,-2,-,-,-,12895,238,D,-51,-24,-,-,-
2017.12.11_14.04.06,-8.408166,51.882468,88,A,47623,HSPA+,-51,-2,-,-,-,13487,245,D,-51,-24,-,-,-
2017.12.11_14.04.07,-8.408166,51.882468,88,A,47623,HSPA+,-53,-2,-,-,-,13912,255,D,-51,-24,-,-,-
2017.12.11_14.04.08,-8.408166,51.882468,88,A,47623,HSPA+,-53,-2,-,-,-,8712,159,D,-51,-24,-,-,-
2017.12.11_14.04.09,-8.408166,51.882468,88,A,47623,HSPA+,-55,-2,-,-,-,12056,438,D,-51,-24,-,-,-
2017.12.11_14.04.10,-8.408166,51.882468,88,A,47623,HSPA+,-55,-2,-,-,-,16541,301,D,-51,-24,-,-,-
2017.12.11_14.04.11,-8.408166,51.882468,88,A,47623,HSPA+,-57,-2,-,-,-,9920,181,D,-51,-24,-,-,-
2017.12.11_14.04.13,-8.408166,51.882468,88,A,47623,HSPA+,-57,-2,-,-,-,13074,242,D,-51,-24,-,-,-
2017.12.11_14.04.14,-8.408166,51.882468,88,A,47623,HSPA+,-57,-2,-,-,-,13845,254,D,-51,-24,-,-,-
2017.12.11_14.04.15,-8.408166,51.882468,88,A,47623,HSPA+,-57,-2,-,-,-,16261,295,D,-51,-24,-,-,-
2017.12.11_14.04.16,-8.408166,51.882468,88,A,47623,HSPA+,-59,-2,-,-,-,14986,276,D,-51,-24,-,-,-
2017.12.11_14.04.17,-8.408166,51.882468,88,A,47623,HSPA+,-59,-2,-,-,-,11978,223,D,-51,-24,-,-,-
2017.12.11_14.04.18,-8.408166,51.882468,88,A,47623,HSPA+,-55,-2,-,-,-,9942,184,D,-51,-24,-,-,-
2017.12.11_14.04.19,-8.408166,51.882468,88,A,47623,HSPA+,-55,-2,-,-,-,7538,139,D,-51,-24,-,-,-
2017.12.11_14.04.20,-8.408166,51.882468,88,A,47623,HSPA+,-53,-2,-,-,-,10378,189,D,-51,-24,-,-,-
2017.12.11_14.04.21,-8.408166,51.882468,88,A,47623,HSPA+,-53,-2,-,-,-,7593,204,D,-51,-24,-,-,-
2017.12.11_14.04.22,-8.408166,51.882468,88,A,47623,HSPA+,-53,-2,-,-,-,6699,167,D,-51,-24,-,-,-
2017.12.11_14.04.24,-8.408166,51.882468,88,A,47623,HSPA+,-53,-2,-,-,-,9707,178,D,-51,-24,-,-,-
2017.12.11_14.04.25,-8.408166,51.882468,88,A,47623,HSPA+,-63,-2,-,-,-,4909,223,D,-51,-24,-,-,-
2017.12.11_14.04.26,-8.408166,51.882468,88,A,47623,HSPA+,-63,-2,-,-,-,2695,102,D,-51,-24,-,-,-
2017.12.11_14.04.27,-8.408166,51.882468,88,A,47623,HSPA+,-65,-2,-,-,-,3310,64,D,-51,-24,-,-,-
2017.12.11_14.04.28,-8.408166,51.882468,88,A,47623,HSPA+,-65,-2,-,-,-,3399,62,D,-51,-24,-,-,-
2017.12.11_14.04.29,-8.408166,51.882468,88,A,47623,HSPA+,-55,-2,-,-,-,4350,79,D,-51,-24,-,-,-
2017.12.11_14.04.30,-8.408166,51.882468,88,A,47623,HSPA+,-55,-2,-,-,-,1521,35,D,-51,-24,-,-,-
2017.12.11_14.04.31,-8.408166,51.882468,88,A,47623,HSPA+,-59,-2,-,-,-,3243,60,D,-51,-24,-,-,-
2017.12.11_14.04.32,-8.408166,51.882468,88,A,47623,HSPA+,-59,-2,-,-,-,2963,54,D,-51,-24,-,-,-
2017.12.11_14.04.34,-8.408166,51.882468,88,A,47623,HSPA+,-61,-2,-,-,-,2740,50,D,-51,-24,-,-,-
2017.12.11_14.04.35,-8.408166,51.882468,88,A,47623,HSPA+,-61,-2,-,-,-,3422,63,D,-51,-24,-,-,-
2017.12.11_14.04.36,-8.408166,51.882468,88,A,47623,HSPA+,-61,-2,-,-,-,2404,44,D,-51,-24,-,-,-
2017.12.11_14.04.37,-8.408166,51.882468,88,A,47623,HSPA+,-61,-2,-,-,-,3534,65,D,-51,-24,-,-,-
2017.12.11_14.04.38,-8.408166,51.882468,88,A,47623,HSPA+,-59,-2,-,-,-,4954,167,D,-51,-24,-,-,-
2017.12.11_14.04.39,-8.408166,51.882468,88,A,47623,HSPA+,-59,-2,-,-,-,4909,131,D,-51,-24,-,-,-
2017.12.11_14.04.40,-8.408166,51.882468,88,A,47623,HSPA+,-55,-2,-,-,-,6430,118,D,-51,-24,-,-,-
2017.12.11_14.04.41,-8.408166,51.882468,88,A,47623,HSPA+,-55,-2,-,-,-,5826,108,D,-51,-24,-,-,-
2017.12.11_14.04.42,-8.408166,51.882468,88,A,47623,HSPA+,-57,-2,-,-,-,5726,106,D,-51,-24,-,-,-
2017.12.11_14.04.43,-8.408166,51.882468,88,A,47623,HSPA+,-57,-2,-,-,-,6833,126,D,-51,-24,-,-,-
2017.12.11_14.04.45,-8.408166,51.882468,88,A,47623,HSPA+,-59,-2,-,-,-,4607,85,D,-51,-24,-,-,-
2017.12.11_14.04.46,-8.408166,51.882468,88,A,47623,HSPA+,-59,-2,-,-,-,4093,75,D,-51,-24,-,-,-
2017.12.11_14.04.47,-8.408166,51.882468,88,A,47623,HSPA+,-57,-2,-,-,-,4171,77,D,-51,-24,-,-,-
2017.12.11_14.04.48,-8.408166,51.882468,88,A,47623,HSPA+,-57,-2,-,-,-,3936,72,D,-51,-24,-,-,-
2017.12.11_14.04.49,-8.408166,51.882468,88,A,47623,HSPA+,-59,-2,-,-,-,3053,67,D,-51,-24,-,-,-
2017.12.11_14.04.50,-8.408166,51.882468,88,A,47623,HSPA+,-59,-2,-,-,-,3165,65,D,-51,-24,-,-,-
2017.12.11_14.04.51,-8.408166,51.882468,88,A,47623,HSPA+,-59,-2,-,-,-,2796,55,D,-51,-24,-,-,-
2017.12.11_14.04.52,-8.408166,51.882468,88,A,47623,HSPA+,-59,-2,-,-,-,5078,97,D,-51,-24,-,-,-
2017.12.11_14.04.53,-8.408166,51.882468,88,A,47623,HSPA+,-55,-2,-,-,-,8175,154,D,-51,-24,-,-,-
2017.12.11_14.04.55,-8.408166,51.882468,88,A,47623,HSPA+,-55,-2,-,-,-,5637,110,D,-51,-24,-,-,-
2017.12.11_14.04.56,-8.408166,51.882468,88,A,47623,HSPA+,-63,-2,-,-,-,3019,54,D,-51,-24,-,-,-
2017.12.11_14.04.57,-8.408166,51.882468,88,A,47623,HSPA+,-63,-2,-,-,-,3411,64,D,-51,-24,-,-,-
2017.12.11_14.04.58,-8.408166,51.882468,88,A,47623,HSPA+,-65,-2,-,-,-,2684,91,D,-51,-24,-,-,-
2017.12.11_14.04.59,-8.408166,51.882468,88,A,47623,HSPA+,-65,-2,-,-,-,6184,348,D,-51,-24,-,-,-
2017.12.11_14.05.00,-8.408166,51.882468,88,A,47623,HSPA+,-63,-2,-,-,-,7113,375,D,-51,-24,-,-,-
2017.12.11_14.05.01,-8.408166,51.882468,88,A,47623,HSPA+,-63,-2,-,-,-,7493,137,D,-51,-24,-,-,-
2017.12.11_14.05.02,-8.408166,51.882468,88,A,47623,HSPA+,-61,-2,-,-,-,14192,260,D,-51,-24,-,-,-
2017.12.11_14.05.03,-8.408166,51.882468,88,A,47623,HSPA+,-61,-2,-,-,-,12503,182,D,-51,-24,-,-,-
2017.12.11_14.05.05,-8.408166,51.882468,88,A,47623,HSPA+,-61,-2,-,-,-,9797,181,D,-51,-24,-,-,-
2017.12.11_14.05.06,-8.408166,51.882468,88,A,47623,HSPA+,-61,-2,-,-,-,11530,383,D,-51,-24,-,-,-
2017.12.11_14.05.07,-8.408166,51.882468,88,A,47623,HSPA+,-61,-2,-,-,-,17379,450,D,-51,-24,-,-,-
2017.12.11_14.05.08,-8.408166,51.882468,88,A,47623,HSPA+,-61,-2,-,-,-,14539,266,D,-51,-24,-,-,-
2017.12.11_14.05.09,-8.408166,51.882468,88,A,47623,HSPA+,-63,-2,-,-,-,14528,265,D,-51,-24,-,-,-
2017.12.11_14.05.10,-8.408166,51.882468,88,A,47623,HSPA+,-63,-2,-,-,-,16462,304,D,-51,-24,-,-,-
2017.12.11_14.05.11,-8.408166,51.882468,88,A,47623,HSPA+,-63,-2,-,-,-,15210,282,D,-51,-24,-,-,-
2017.12.11_14.05.12,-8.408166,51.882468,88,A,47623,HSPA+,-63,-2,-,-,-,12056,220,D,-51,-24,-,-,-
2017.12.11_14.05.13,-8.408166,51.882468,88,A,47623,HSPA+,-63,-2,-,-,-,14181,258,D,-51,-24,-,-,-
2017.12.11_14.05.15,-8.408166,51.882468,88,A,47623,HSPA+,-63,-2,-,-,-,12380,429,D,-51,-24,-,-,-
2017.12.11_14.05.16,-8.408166,51.882468,88,A,47623,HSPA+,-61,-2,-,-,-,11116,204,D,-51,-24,-,-,-
2017.12.11_14.05.17,-8.408166,51.882468,88,A,47623,HSPA+,-61,-2,-,-,-,8757,158,D,-51,-24,-,-,-
2017.12.11_14.05.18,-8.408166,51.882468,88,A,47623,HSPA+,-61,-2,-,-,-,7895,147,D,-51,-24,-,-,-
2017.12.11_14.05.19,-8.408166,51.882468,88,A,47623,HSPA+,-61,-2,-,-,-,9718,180,D,-51,-24,-,-,-
2017.12.11_14.05.20,-8.408166,51.882468,88,A,47623,HSPA+,-65,-2,-,-,-,11799,219,D,-51,-24,-,-,-
2017.12.11_14.05.21,-8.408166,51.882468,88,A,47623,HSPA+,-65,-2,-,-,-,11128,209,D,-51,-24,-,-,-
2017.12.11_14.05.22,-8.408166,51.882468,88,A,47623,HSPA+,-63,-2,-,-,-,12649,198,D,-51,-24,-,-,-
2017.12.11_14.05.23,-8.408166,51.882468,88,A,47623,HSPA+,-63,-2,-,-,-,12951,237,D,-51,-24,-,-,-
2017.12.11_14.05.24,-8.408166,51.882468,88,A,47623,HSPA+,-59,-2,-,-,-,8231,151,D,-51,-24,-,-,-
2017.12.11_14.05.26,-8.408166,51.882468,88,A,47623,HSPA+,-59,-2,-,-,-,8063,153,D,-51,-24,-,-,-
2017.12.11_14.05.27,-8.408166,51.882468,88,A,47623,HSPA+,-61,-2,-,-,-,10043,187,D,-51,-24,-,-,-
2017.12.11_14.05.28,-8.408166,51.882468,88,A,47623,HSPA+,-61,-2,-,-,-,7952,147,D,-51,-24,-,-,-
2017.12.11_14.05.29,-8.408166,51.882468,88,A,47623,HSPA+,-59,-2,-,-,-,5502,101,D,-51,-24,-,-,-
2017.12.11_14.05.30,-8.408166,51.882468,88,A,47623,HSPA+,-59,-2,-,-,-,3824,70,D,-51,-24,-,-,-
2017.12.11_14.05.31,-8.408166,51.882468,88,A,47623,HSPA+,-61,-2,-,-,-,4674,86,D,-51,-24,-,-,-
2017.12.11_14.05.32,-8.408166,51.882468,88,A,47623,HSPA+,-61,-2,-,-,-,8812,258,D,-51,-24,-,-,-
2017.12.11_14.05.33,-8.408166,51.882468,88,A,47623,HSPA+,-61,-2,-,-,-,6587,376,D,-51,-24,-,-,-
2017.12.11_14.05.34,-8.408166,51.882468,88,A,47623,HSPA+,-61,-2,-,-,-,7023,243,D,-51,-24,-,-,-
2017.12.11_14.05.36,-8.408166,51.882468,88,A,47623,HSPA+,-59,-2,-,-,-,5905,108,D,-51,-24,-,-,-
2017.12.11_14.05.37,-8.408166,51.882468,88,A,47623,HSPA+,-59,-2,-,-,-,7135,150,D,-51,-24,-,-,-
2017.12.11_14.05.38,-8.408166,51.882468,88,A,47623,HSPA+,-61,-2,-,-,-,8991,480,D,-51,-24,-,-,-
2017.12.11_14.05.39,-8.408166,51.882468,88,A,47623,HSPA+,-61,-2,-,-,-,9305,401,D,-51,-24,-,-,-
2017.12.11_14.05.40,-8.408166,51.882468,88,A,47623,HSPA+,-61,-2,-,-,-,10266,346,D,-51,-24,-,-,-
2017.12.11_14.05.41,-8.408166,51.882468,88,A,47623,HSPA+,-61,-2,-,-,-,10982,205,D,-51,-24,-,-,-
2017.12.11_14.05.42,-8.408166,51.882468,88,A,47623,HSPA+,-61,-2,-,-,-,6441,185,D,-51,-24,-,-,-
2017.12.11_14.05.43,-8.408166,51.882468,88,A,47623,HSPA+,-61,-2,-,-,-,10334,214,D,-51,-24,-,-,-
2017.12.11_14.05.44,-8.408166,51.882468,88,A,47623,HSPA+,-61,-2,-,-,-,8734,167,D,-51,-24,-,-,-
2017.12.11_14.05.45,-8.408166,51.882468,88,A,47623,HSPA+,-61,-2,-,-,-,8600,238,D,-51,-24,-,-,-
2017.12.11_14.05.47,-8.408166,51.882468,88,A,47623,HSPA+,-61,-2,-,-,-,5871,108,D,-51,-24,-,-,-
2017.12.11_14.05.48,-8.408166,51.882468,88,A,47623,HSPA+,-61,-2,-,-,-,5927,110,D,-51,-24,-,-,-
2017.12.11_14.05.49,-8.408166,51.882468,88,A,47623,HSPA+,-61,-2,-,-,-,5547,102,D,-51,-24,-,-,-
2017.12.11_14.05.50,-8.408166,51.882468,88,A,47623,HSPA+,-61,-2,-,-,-,5200,94,D,-51,-24,-,-,-
2017.12.11_14.05.51,-8.408166,51.882468,88,A,47623,HSPA+,-61,-2,-,-,-,4205,76,D,-51,-24,-,-,-
2017.12.11_14.05.52,-8.408166,51.882468,88,A,47623,HSPA+,-61,-2,-,-,-,4082,75,D,-51,-24,-,-,-
2017.12.11_14.05.53,-8.408166,51.882468,88,A,47623,HSPA+,-61,-2,-,-,-,4350,80,D,-51,-24,-,-,-
2017.12.11_14.05.54,-8.408166,51.882468,88,A,47623,HSPA+,-61,-2,-,-,-,5055,93,D,-51,-24,-,-,-
2017.12.11_14.05.55,-8.408166,51.882468,88,A,47623,HSPA+,-61,-2,-,-,-,5994,108,D,-51,-24,-,-,-
2017.12.11_14.05.57,-8.408166,51.882468,88,A,47623,HSPA+,-61,-2,-,-,-,7750,143,D,-51,-24,-,-,-
2017.12.11_14.05.58,-8.408166,51.882468,88,A,47623,HSPA+,-61,-2,-,-,-,6531,121,D,-51,-24,-,-,-
2017.12.11_14.05.59,-8.408166,51.882468,88,A,47623,HSPA+,-61,-2,-,-,-,6967,127,D,-51,-24,-,-,-
2017.12.11_14.06.00,-8.408166,51.882468,88,A,47623,HSPA+,-61,-2,-,-,-,6520,119,D,-51,-24,-,-,-
2017.12.11_14.06.01,-8.408166,51.882468,88,A,47623,HSPA+,-61,-2,-,-,-,9237,381,D,-51,-24,-,-,-
2017.12.11_14.06.02,-8.408166,51.882468,88,A,47623,HSPA+,-65,-2,-,-,-,7314,134,D,-51,-24,-,-,-
2017.12.11_14.06.03,-8.408166,51.882468,88,A,47623,HSPA+,-65,-2,-,-,-,9595,256,D,-51,-24,-,-,-
2017.12.11_14.06.04,-8.408166,51.882468,88,A,47623,HSPA+,-65,-2,-,-,-,9953,258,D,-51,-24,-,-,-
2017.12.11_14.06.05,-8.408166,51.882468,88,A,47623,HSPA+,-65,-2,-,-,-,7683,145,D,-51,-24,-,-,-
2017.12.11_14.06.06,-8.408166,51.882468,88,A,47623,HSPA+,-63,-2,-,-,-,6811,126,D,-51,-24,-,-,-
2017.12.11_14.06.08,-8.408166,51.882468,88,A,47623,HSPA+,-63,-2,-,-,-,9528,175,D,-51,-24,-,-,-
2017.12.11_14.06.09,-8.408166,51.882468,88,A,47623,HSPA+,-65,-2,-,-,-,11060,204,D,-51,-24,-,-,-
2017.12.11_14.06.10,-8.408166,51.882468,88,A,47623,HSPA+,-65,-2,-,-,-,7482,137,D,-51,-24,-,-,-
2017.12.11_14.06.11,-8.408166,51.882468,88,A,47623,HSPA+,-65,-2,-,-,-,9237,170,D,-51,-24,-,-,-
2017.12.11_14.06.12,-8.408166,51.882468,88,A,47623,HSPA+,-65,-2,-,-,-,10468,189,D,-51,-24,-,-,-
2017.12.11_14.06.13,-8.408166,51.882468,88,A,47623,HSPA+,-63,-2,-,-,-,9472,172,D,-51,-24,-,-,-
2017.12.11_14.06.14,-8.408166,51.882468,88,A,47623,HSPA+,-63,-2,-,-,-,8991,164,D,-51,-24,-,-,-
2017.12.11_14.06.15,-8.408166,51.882468,88,A,47623,HSPA+,-65,-2,-,-,-,13062,239,D,-51,-24,-,-,-
2017.12.11_14.06.16,-8.408166,51.882468,88,A,47623,HSPA+,-65,-2,-,-,-,12593,225,D,-51,-24,-,-,-
2017.12.11_14.06.18,-8.408166,51.882468,88,A,47623,HSPA+,-67,-2,-,-,-,12738,231,D,-51,-24,-,-,-
2017.12.11_14.06.19,-8.408166,51.882468,88,A,47623,HSPA+,-67,-2,-,-,-,12358,260,D,-51,-24,-,-,-
2017.12.11_14.06.20,-8.408166,51.882468,88,A,47623,HSPA+,-63,-2,-,-,-,8007,413,D,-51,-24,-,-,-
2017.12.11_14.06.21,-8.408166,51.882468,88,A,47623,HSPA+,-63,-2,-,-,-,9338,282,D,-51,-24,-,-,-
2017.12.11_14.06.22,-8.408166,51.882468,88,A,47623,HSPA+,-65,-2,-,-,-,8332,157,D,-51,-24,-,-,-
2017.12.11_14.06.23,-8.408166,51.882468,88,A,47623,HSPA+,-65,-2,-,-,-,11530,212,D,-51,-24,-,-,-
2017.12.11_14.06.24,-8.408166,51.882468,88,A,47623,HSPA+,-63,-2,-,-,-,16395,564,D,-51,-24,-,-,-
2017.12.11_14.06.25,-8.408166,51.882468,88,A,47623,HSPA+,-63,-2,-,-,-,13946,258,D,-51,-24,-,-,-
2017.12.11_14.06.26,-8.408166,51.882468,88,A,47623,HSPA+,-63,-2,-,-,-,14673,267,D,-51,-24,-,-,-
2017.12.11_14.06.28,-8.408166,51.882468,88,A,47623,HSPA+,-63,-2,-,-,-,13633,250,D,-51,-24,-,-,-
2017.12.11_14.06.29,-8.408166,51.882468,88,A,47623,HSPA+,-63,-2,-,-,-,13174,240,D,-51,-24,-,-,-
2017.12.11_14.06.30,-8.408166,51.882468,88,A,47623,HSPA+,-63,-2,-,-,-,7374,138,D,-51,-24,-,-,-
2017.12.11_14.06.31,-8.408166,51.882468,88,A,47623,HSPA+,-63,-2,-,-,-,6173,113,D,-51,-24,-,-,-
2017.12.11_14.06.32,-8.408166,51.882468,88,A,47623,HSPA+,-63,-2,-,-,-,7739,145,D,-51,-24,-,-,-
2017.12.11_14.06.33,-8.408166,51.882468,88,A,47623,HSPA+,-65,-2,-,-,-,7057,135,D,-51,-24,-,-,-
2017.12.11_14.06.34,-8.408166,51.882468,88,A,47623,HSPA+,-65,-2,-,-,-,6643,123,D,-51,-24,-,-,-
2017.12.11_14.06.35,-8.408166,51.882468,88,A,47623,HSPA+,-67,-2,-,-,-,13622,245,D,-51,-24,-,-,-
2017.12.11_14.06.36,-8.408166,51.882468,88,A,47623,HSPA+,-67,-2,-,-,-,13532,249,D,-51,-24,-,-,-
2017.12.11_14.06.38,-8.408166,51.882468,88,A,47623,HSPA+,-63,-2,-,-,-,14181,260,D,-51,-24,-,-,-
2017.12.11_14.06.39,-8.408166,51.882468,88,A,47623,HSPA+,-63,-2,-,-,-,11754,599,D,-51,-24,-,-,-
2017.12.11_14.06.40,-8.408166,51.882468,88,A,47623,HSPA+,-63,-2,-,-,-,6005,155,D,-51,-24,-,-,-
2017.12.11_14.06.41,-8.408166,51.882468,88,A,47623,HSPA+,-63,-2,-,-,-,13890,253,D,-51,-24,-,-,-
2017.12.11_14.06.42,-8.408166,51.882468,88,A,47623,HSPA+,-61,-2,-,-,-,7258,133,D,-51,-24,-,-,-
2017.12.11_14.06.43,-8.408166,51.882468,88,A,47623,HSPA+,-61,-2,-,-,-,10412,187,D,-51,-24,-,-,-
2017.12.11_14.06.44,-8.408166,51.882468,88,A,47623,HSPA+,-65,-2,-,-,-,8141,189,D,-51,-24,-,-,-
2017.12.11_14.06.45,-8.408166,51.882468,88,A,47623,HSPA+,-65,-2,-,-,-,6106,327,D,-51,-24,-,-,-
2017.12.11_14.06.46,-8.408166,51.882468,88,A,47623,HSPA+,-65,-2,-,-,-,8086,268,D,-51,-24,-,-,-
2017.12.11_14.06.48,-8.408166,51.882468,88,A,47623,HSPA+,-65,-2,-,-,-,3522,63,D,-51,-24,-,-,-
2017.12.11_14.06.49,-8.408166,51.882468,88,A,47623,HSPA+,-63,-2,-,-,-,8052,151,D,-51,-24,-,-,-
2017.12.11_14.06.50,-8.408166,51.882468,88,A,47623,HSPA+,-63,-2,-,-,-,7549,124,D,-51,-24,-,-,-
2017.12.11_14.06.51,-8.408166,51.882468,88,A,47623,HSPA+,-65,-2,-,-,-,7784,140,D,-51,-24,-,-,-
2017.12.11_14.06.52,-8.408166,51.882468,88,A,47623,HSPA+,-65,-2,-,-,-,4205,75,D,-51,-24,-,-,-
2017.12.11_14.06.53,-8.408166,51.882468,88,A,47623,HSPA+,-65,-2,-,-,-,6743,126,D,-51,-24,-,-,-
2017.12.11_14.06.54,-8.408166,51.882468,88,A,47623,HSPA+,-65,-2,-,-,-,6095,118,D,-51,-24,-,-,-
2017.12.11_14.06.55,-8.408166,51.882468,88,A,47623,HSPA+,-67,-2,-,-,-,7280,301,D,-51,-24,-,-,-
2017.12.11_14.06.56,-8.408166,51.882468,88,A,47623,HSPA+,-67,-2,-,-,-,6386,102,D,-51,-24,-,-,-
2017.12.11_14.06.58,-8.408166,51.882468,88,A,47623,HSPA+,-67,-2,-,-,-,6095,111,D,-51,-24,-,-,-
2017.12.11_14.06.59,-8.408166,51.882468,88,A,47623,HSPA+,-67,-2,-,-,-,4965,91,D,-51,-24,-,-,-
2017.12.11_14.07.00,-8.408166,51.882468,88,A,47623,HSPA+,-65,-2,-,-,-,2102,37,D,-51,-24,-,-,-
2017.12.11_14.07.01,-8.408166,51.882468,88,A,47623,HSPA+,-65,-2,-,-,-,2829,52,D,-51,-24,-,-,-
2017.12.11_14.07.02,-8.408166,51.882468,88,A,47623,HSPA+,-65,-2,-,-,-,2807,52,D,-51,-24,-,-,-
2017.12.11_14.07.03,-8.408166,51.882468,88,A,47623,HSPA+,-65,-2,-,-,-,1800,33,D,-51,-24,-,-,-
2017.12.11_14.07.04,-8.408166,51.882468,88,A,47623,HSPA+,-67,-2,-,-,-,2069,38,D,-51,-24,-,-,-
2017.12.11_14.07.05,-8.408166,51.882468,88,A,47623,HSPA+,-67,-2,-,-,-,2963,55,D,-51,-24,-,-,-
2017.12.11_14.07.06,-8.408166,51.882468,88,A,47623,HSPA+,-67,-2,-,-,-,5413,95,D,-51,-24,-,-,-
2017.12.11_14.07.08,-8.408166,51.882468,88,A,47623,HSPA+,-67,-2,-,-,-,7649,142,D,-51,-24,-,-,-
2017.12.11_14.07.09,-8.408166,51.882468,88,A,47623,HSPA+,-65,-2,-,-,-,8209,262,D,-51,-24,-,-,-
2017.12.11_14.07.10,-8.408166,51.882468,88,A,47623,HSPA+,-65,-2,-,-,-,9551,255,D,-51,-24,-,-,-
2017.12.11_14.07.11,-8.408166,51.882468,88,A,47623,HSPA+,-61,-2,-,-,-,7045,130,D,-51,-24,-,-,-
2017.12.11_14.07.12,-8.408166,51.882468,88,A,47623,HSPA+,-61,-2,-,-,-,10490,194,D,-51,-24,-,-,-
2017.12.11_14.07.13,-8.408166,51.882468,88,A,47623,HSPA+,-61,-2,-,-,-,2874,53,D,-51,-24,-,-,-
2017.12.11_14.07.14,-8.408166,51.882468,88,A,47623,HSPA+,-61,-2,-,-,-,3299,61,D,-51,-24,-,-,-
2017.12.11_14.07.15,-8.408166,51.882468,88,A,47623,HSPA+,-57,-2,-,-,-,1990,37,D,-51,-24,-,-,-
2017.12.11_14.07.16,-8.408166,51.882468,88,A,47623,HSPA+,-57,-2,-,-,-,1722,32,D,-51,-24,-,-,-
2017.12.11_14.07.18,-8.408166,51.882468,88,A,47623,HSPA+,-59,-2,-,-,-,1442,27,D,-51,-24,-,-,-
2017.12.11_14.07.19,-8.408166,51.882468,88,A,47623,HSPA+,-59,-2,-,-,-,3489,64,D,-51,-24,-,-,-
2017.12.11_14.07.20,-8.408166,51.882468,88,A,47623,HSPA+,-59,-2,-,-,-,3981,74,D,-51,-24,-,-,-
2017.12.11_14.07.21,-8.408166,51.882468,88,A,47623,HSPA+,-59,-2,-,-,-,5256,96,D,-51,-24,-,-,-
2017.12.11_14.07.22,-8.408166,51.882468,88,A,47623,HSPA+,-61,-2,-,-,-,4440,81,D,-51,-24,-,-,-
2017.12.11_14.07.23,-8.408166,51.882468,88,A,47623,HSPA+,-61,-2,-,-,-,3198,59,D,-51,-24,-,-,-
2017.12.11_14.07.24,-8.408166,51.882468,88,A,47623,HSPA+,-57,-2,-,-,-,2315,47,D,-51,-24,-,-,-
2017.12.11_14.07.25,-8.408166,51.882468,88,A,47623,HSPA+,-57,-2,-,-,-,1107,50,D,-51,-24,-,-,-
2017.12.11_14.07.26,-8.408166,51.882468,88,A,47623,HSPA+,-57,-2,-,-,-,1744,86,D,-51,-24,-,-,-
2017.12.11_14.07.28,-8.408166,51.882468,88,A,47623,HSPA+,-57,-2,-,-,-,1733,90,D,-51,-24,-,-,-
2017.12.11_14.07.29,-8.408166,51.882468,88,A,47623,HSPA+,-57,-2,-,-,-,2180,125,D,-51,-24,-,-,-
2017.12.11_14.07.30,-8.408166,51.882468,88,A,47623,HSPA+,-57,-2,-,-,-,1800,103,D,-51,-24,-,-,-
2017.12.11_14.07.31,-8.408166,51.882468,88,A,47623,HSPA+,-55,-2,-,-,-,1611,93,D,-51,-24,-,-,-
2017.12.11_14.07.32,-8.408166,51.882468,88,A,47623,HSPA+,-55,-2,-,-,-,2192,99,D,-51,-24,-,-,-
2017.12.11_14.07.33,-8.408166,51.882468,88,A,47623,HSPA+,-57,-2,-,-,-,2316,43,D,-51,-24,-,-,-
2017.12.11_14.07.34,-8.408166,51.882468,88,A,47623,HSPA+,-57,-2,-,-,-,2549,47,D,-51,-24,-,-,-
2017.12.11_14.07.35,-8.408166,51.882468,88,A,47623,HSPA+,-59,-2,-,-,-,3209,59,D,-51,-24,-,-,-
2017.12.11_14.07.36,-8.408166,51.882468,88,A,47623,HSPA+,-59,-2,-,-,-,4876,89,D,-51,-24,-,-,-
2017.12.11_14.07.37,-8.408166,51.882468,88,A,47623,HSPA+,-51,-2,-,-,-,5871,177,D,-51,-24,-,-,-
2017.12.11_14.07.39,-8.408166,51.882468,88,A,47623,HSPA+,-51,-2,-,-,-,6755,342,D,-51,-24,-,-,-
2017.12.11_14.07.40,-8.408166,51.882468,88,A,47623,HSPA+,-51,-2,-,-,-,8320,217,D,-51,-24,-,-,-
2017.12.11_14.07.41,-8.408166,51.882468,88,A,47623,HSPA+,-51,-2,-,-,-,9305,170,D,-51,-24,-,-,-
2017.12.11_14.07.42,-8.408166,51.882468,88,A,47623,HSPA+,-51,-2,-,-,-,9126,168,D,-51,-24,-,-,-
2017.12.11_14.07.43,-8.408166,51.882468,88,A,47623,HSPA+,-51,-2,-,-,-,11564,213,D,-51,-24,-,-,-
2017.12.11_14.07.44,-8.408166,51.882468,88,A,47623,HSPA+,-51,-2,-,-,-,7672,324,D,-51,-24,-,-,-
2017.12.11_14.07.45,-8.408166,51.882468,88,A,47623,HSPA+,-51,-2,-,-,-,5480,100,D,-51,-24,-,-,-
2017.12.11_14.07.46,-8.408166,51.882468,88,A,47623,HSPA+,-51,-2,-,-,-,12671,232,D,-51,-24,-,-,-
2017.12.11_14.07.47,-8.408166,51.882468,88,A,47623,HSPA+,-51,-2,-,-,-,8846,163,D,-51,-24,-,-,-
2017.12.11_14.07.48,-8.408166,51.882468,88,A,47623,HSPA+,-53,-2,-,-,-,7761,140,D,-51,-24,-,-,-
2017.12.11_14.07.50,-8.408166,51.882468,88,A,47623,HSPA+,-53,-2,-,-,-,5502,107,D,-51,-24,-,-,-
2017.12.11_14.07.51,-8.408166,51.882468,88,A,47623,HSPA+,-55,-2,-,-,-,5949,110,D,-51,-24,-,-,-
2017.12.11_14.07.52,-8.408166,51.882468,88,A,47623,HSPA+,-55,-2,-,-,-,5368,99,D,-51,-24,-,-,-
2017.12.11_14.07.53,-8.408166,51.882468,88,A,47623,HSPA+,-51,-2,-,-,-,7381,135,D,-51,-24,-,-,-
2017.12.11_14.07.54,-8.408166,51.882468,88,A,47623,HSPA+,-51,-2,-,-,-,4440,100,D,-51,-24,-,-,-
2017.12.11_14.07.55,-8.408166,51.882468,88,A,47623,HSPA+,-51,-2,-,-,-,4395,226,D,-51,-24,-,-,-
2017.12.11_14.07.56,-8.408166,51.882468,88,A,47623,HSPA+,-51,-2,-,-,-,4809,109,D,-51,-24,-,-,-
2017.12.11_14.07.57,-8.408166,51.882468,88,A,47623,HSPA+,-55,-2,-,-,-,4462,82,D,-51,-24,-,-,-
2017.12.11_14.07.58,-8.408166,51.882468,88,A,47623,HSPA+,-55,-2,-,-,-,3981,73,D,-51,-24,-,-,-
2017.12.11_14.08.00,-8.408166,51.882468,88,A,47623,HSPA+,-55,-2,-,-,-,2728,50,D,-51,-24,-,-,-
2017.12.11_14.08.01,-8.408166,51.882468,88,A,47623,HSPA+,-55,-2,-,-,-,2236,42,D,-51,-24,-,-,-
2017.12.11_14.08.02,-8.408166,51.882468,88,A,47623,HSPA+,-59,-2,-,-,-,2494,46,D,-51,-24,-,-,-
2017.12.11_14.08.03,-8.408166,51.882468,88,A,47623,HSPA+,-59,-2,-,-,-,2505,46,D,-51,-24,-,-,-
2017.12.11_14.08.04,-8.408166,51.882468,88,A,47623,HSPA+,-57,-2,-,-,-,5278,98,D,-51,-24,-,-,-
2017.12.11_14.08.05,-8.408166,51.882468,88,A,47623,HSPA+,-57,-2,-,-,-,6386,192,D,-51,-24,-,-,-
2017.12.11_14.08.06,-8.408166,51.882468,88,A,47623,HSPA+,-57,-2,-,-,-,2728,140,D,-51,-24,-,-,-
2017.12.11_14.08.07,-8.408166,51.882468,88,A,47623,HSPA+,-57,-2,-,-,-,3399,109,D,-51,-24,-,-,-
2017.12.11_14.08.08,-8.408166,51.882468,88,A,47623,HSPA+,-55,-2,-,-,-,3209,59,D,-51,-24,-,-,-
2017.12.11_14.08.10,-8.408166,51.882468,88,A,47623,HSPA+,-55,-2,-,-,-,2829,52,D,-51,-24,-,-,-
2017.12.11_14.08.11,-8.408166,51.882468,88,A,47623,HSPA+,-55,-2,-,-,-,4618,85,D,-51,-24,-,-,-
2017.12.11_14.08.12,-8.408166,51.882468,88,A,47623,HSPA+,-55,-2,-,-,-,2259,42,D,-51,-24,-,-,-
2017.12.11_14.08.13,-8.408166,51.882468,88,A,47623,HSPA+,-57,-2,-,-,-,3746,69,D,-51,-24,-,-,-
2017.12.11_14.08.14,-8.408166,51.882468,88,A,47623,HSPA+,-57,-2,-,-,-,3086,90,D,-51,-24,-,-,-
2017.12.11_14.08.15,-8.408166,51.882468,88,A,47623,HSPA+,-59,-2,-,-,-,1934,88,D,-51,-24,-,-,-
2017.12.11_14.08.16,-8.408166,51.882468,88,A,47623,HSPA+,-59,-2,-,-,-,2292,104,D,-51,-24,-,-,-
2017.12.11_14.08.17,-8.408166,51.882468,88,A,47623,HSPA+,-59,-2,-,-,-,3724,72,D,-51,-24,-,-,-
2017.12.11_14.08.18,-8.408166,51.882468,88,A,47623,HSPA+,-59,-2,-,-,-,6587,122,D,-51,-24,-,-,-
2017.12.11_14.08.19,-8.408166,51.882468,88,A,47623,HSPA+,-59,-2,-,-,-,9595,318,D,-51,-24,-,-,-
2017.12.11_14.08.21,-8.408166,51.882468,88,A,47623,HSPA+,-59,-2,-,-,-,10099,186,D,-51,-24,-,-,-
2017.12.11_14.08.22,-8.408166,51.882468,88,A,47623,HSPA+,-61,-2,-,-,-,8991,282,D,-51,-24,-,-,-
2017.12.11_14.08.23,-8.408166,51.882468,88,A,47623,HSPA+,-61,-2,-,-,-,17402,321,D,-51,-24,-,-,-
2017.12.11_14.08.24,-8.408166,51.882468,88,A,47623,HSPA+,-63,-2,-,-,-,14651,365,D,-51,-24,-,-,-
2017.12.11_14.08.25,-8.408166,51.882468,88,A,47623,HSPA+,-63,-2,-,-,-,7459,222,D,-51,-24,-,-,-
2017.12.11_14.08.26,-8.408166,51.882468,88,A,47623,HSPA+,-65,-2,-,-,-,18062,328,D,-51,-24,-,-,-
2017.12.11_14.08.27,-8.408166,51.882468,88,A,47623,HSPA+,-65,-2,-,-,-,17055,308,D,-51,-24,-,-,-
2017.12.11_14.08.28,-8.408166,51.882468,88,A,47623,HSPA+,-63,-2,-,-,-,15042,273,D,-51,-24,-,-,-
2017.12.11_14.08.29,-8.408166,51.882468,88,A,47623,HSPA+,-63,-2,-,-,-,11732,212,D,-51,-24,-,-,-
2017.12.11_14.08.31,-8.408166,51.882468,88,A,47623,HSPA+,-65,-2,-,-,-,9640,174,D,-51,-24,-,-,-
2017.12.11_14.08.32,-8.408166,51.882468,88,A,47623,HSPA+,-65,-2,-,-,-,9159,169,D,-51,-24,-,-,-
2017.12.11_14.08.33,-8.408166,51.882468,88,A,47623,HSPA+,-65,-2,-,-,-,6195,113,D,-51,-24,-,-,-
2017.12.11_14.08.34,-8.408166,51.882468,88,A,47623,HSPA+,-65,-2,-,-,-,4462,86,D,-51,-24,-,-,-
2017.12.11_14.08.35,-8.408166,51.882468,88,A,47623,HSPA+,-61,-2,-,-,-,5860,108,D,-51,-24,-,-,-
2017.12.11_14.08.36,-8.408166,51.882468,88,A,47623,HSPA+,-61,-2,-,-,-,5211,96,D,-51,-24,-,-,-
2017.12.11_14.08.37,-8.408166,51.882468,88,A,47623,HSPA+,-61,-2,-,-,-,13118,242,D,-51,-24,-,-,-
2017.12.11_14.08.38,-8.408166,51.882468,88,A,47623,HSPA+,-61,-2,-,-,-,17189,312,D,-51,-24,-,-,-
2017.12.11_14.08.39,-8.408166,51.882468,88,A,47623,HSPA+,-63,-2,-,-,-,14606,264,D,-51,-24,-,-,-
2017.12.11_14.08.40,-8.408166,51.882468,88,A,47623,HSPA+,-63,-2,-,-,-,15489,282,D,-51,-24,-,-,-
2017.12.11_14.08.42,-8.408166,51.882468,88,A,47623,HSPA+,-63,-2,-,-,-,15668,335,D,-51,-24,-,-,-
2017.12.11_14.08.43,-8.408166,51.882468,88,A,47623,HSPA+,-63,-2,-,-,-,10561,576,D,-51,-24,-,-,-
2017.12.11_14.08.44,-8.408166,51.882468,88,A,47623,HSPA+,-61,-2,-,-,-,8611,156,D,-51,-24,-,-,-
2017.12.11_14.08.45,-8.408166,51.882468,88,A,47623,HSPA+,-61,-2,-,-,-,5849,108,D,-51,-24,-,-,-
2017.12.11_14.08.46,-8.408166,51.882468,88,A,47623,HSPA+,-61,-2,-,-,-,7057,254,D,-51,-24,-,-,-
2017.12.11_14.08.47,-8.408166,51.882468,88,A,47623,HSPA+,-61,-2,-,-,-,10457,269,D,-51,-24,-,-,-
2017.12.11_14.08.48,-8.408166,51.882468,88,A,47623,HSPA+,-61,-2,-,-,-,13141,242,D,-51,-24,-,-,-
2017.12.11_14.08.49,-8.408166,51.882468,88,A,47623,HSPA+,-61,-2,-,-,-,9819,177,D,-51,-24,-,-,-
2017.12.11_14.08.50,-8.408166,51.882468,88,A,47623,HSPA+,-59,-2,-,-,-,11687,210,D,-51,-24,-,-,-
2017.12.11_14.08.52,-8.408166,51.882468,88,A,47623,HSPA+,-59,-2,-,-,-,7963,146,D,-51,-24,-,-,-
2017.12.11_14.08.53,-8.408166,51.882468,88,A,47623,HSPA+,-61,-2,-,-,-,13096,353,D,-51,-24,-,-,-
2017.12.11_14.08.54,-8.408166,51.882468,88,A,47623,HSPA+,-61,-2,-,-,-,17022,341,D,-51,-24,-,-,-
2017.12.11_14.08.55,-8.408166,51.882468,88,A,47623,HSPA+,-59,-2,-,-,-,21439,393,D,-51,-24,-,-,-
2017.12.11_14.08.56,-8.408166,51.882468,88,A,47623,HSPA+,-59,-2,-,-,-,14460,432,D,-51,-24,-,-,-
2017.12.11_14.08.57,-8.408166,51.882468,88,A,47623,HSPA+,-57,-2,-,-,-,9696,177,D,-51,-24,-,-,-
2017.12.11_14.08.58,-8.408166,51.882468,88,A,47623,HSPA+,-57,-2,-,-,-,6889,131,D,-51,-24,-,-,-
2017.12.11_14.08.59,-8.408166,51.882468,88,A,47623,HSPA+,-57,-2,-,-,-,6565,125,D,-51,-24,-,-,-
2017.12.11_14.09.00,-8.408166,51.882468,88,A,47623,HSPA+,-57,-2,-,-,-,8544,128,D,-51,-24,-,-,-
2017.12.11_14.09.02,-8.408166,51.882468,88,A,47623,HSPA+,-53,-2,-,-,-,8030,146,D,-51,-24,-,-,-
2017.12.11_14.09.03,-8.408166,51.882468,88,A,47623,HSPA+,-53,-2,-,-,-,3847,69,D,-51,-24,-,-,-
2017.12.11_14.09.04,-8.408166,51.882468,88,A,47623,HSPA+,-61,-2,-,-,-,4529,83,D,-51,-24,-,-,-
2017.12.11_14.09.05,-8.408166,51.882468,88,A,47623,HSPA+,-61,-2,-,-,-,5099,89,D,-51,-24,-,-,-
2017.12.11_14.09.06,-8.408166,51.882468,88,A,47623,HSPA+,-61,-2,-,-,-,4507,83,D,-51,-24,-,-,-
2017.12.11_14.09.07,-8.408166,51.882468,88,A,47623,HSPA+,-61,-2,-,-,-,4138,75,D,-51,-24,-,-,-
2017.12.11_14.09.08,-8.408166,51.882468,88,A,47623,HSPA+,-61,-2,-,-,-,2896,54,D,-51,-24,-,-,-
2017.12.11_14.09.09,-8.408166,51.882468,88,A,47623,HSPA+,-61,-2,-,-,-,3109,57,D,-51,-24,-,-,-
2017.12.11_14.09.10,-8.408166,51.882468,88,A,47623,HSPA+,-59,-2,-,-,-,5043,93,D,-51,-24,-,-,-
2017.12.11_14.09.11,-8.408166,51.882468,88,A,47623,HSPA+,-59,-2,-,-,-,5670,132,D,-51,-24,-,-,-
2017.12.11_14.09.13,-8.408166,51.882468,88,A,47623,HSPA+,-57,-2,-,-,-,8220,314,D,-51,-24,-,-,-
2017.12.11_14.09.14,-8.408166,51.882468,88,A,47623,HSPA+,-57,-2,-,-,-,9127,525,D,-51,-24,-,-,-
2017.12.11_14.09.15,-8.408166,51.882468,88,A,47623,HSPA+,-61,-2,-,-,-,4432,176,D,-51,-24,-,-,-
2017.12.11_14.09.16,-8.408166,51.882468,88,A,47623,HSPA+,-61,-2,-,-,-,9081,167,D,-51,-24,-,-,-
2017.12.11_14.09.17,-8.408166,51.882468,88,A,47623,HSPA+,-57,-2,-,-,-,7113,145,D,-51,-24,-,-,-
2017.12.11_14.09.18,-8.408166,51.882468,88,A,47623,HSPA+,-57,-2,-,-,-,9159,508,D,-51,-24,-,-,-
2017.12.11_14.09.19,-8.408166,51.882468,88,A,47623,HSPA+,-61,-2,-,-,-,5759,148,D,-51,-24,-,-,-
2017.12.11_14.09.20,-8.408166,51.882468,88,A,47623,HSPA+,-61,-2,-,-,-,7538,140,D,-51,-24,-,-,-
2017.12.11_14.09.21,-8.408166,51.882468,88,A,47623,HSPA+,-59,-2,-,-,-,11497,210,D,-51,-24,-,-,-
2017.12.11_14.09.23,-8.408166,51.882468,88,A,47623,HSPA+,-59,-2,-,-,-,14214,477,D,-51,-24,-,-,-
2017.12.11_14.09.24,-8.408166,51.882468,88,A,47623,HSPA+,-55,-2,-,-,-,8645,158,D,-51,-24,-,-,-
2017.12.11_14.09.25,-8.408166,51.882468,88,A,47623,HSPA+,-55,-2,-,-,-,9853,179,D,-51,-24,-,-,-
2017.12.11_14.09.26,-8.408166,51.882468,88,A,47623,HSPA+,-55,-2,-,-,-,9271,170,D,-51,-24,-,-,-
2017.12.11_14.09.27,-8.408166,51.882468,88,A,47623,HSPA+,-55,-2,-,-,-,5334,103,D,-51,-24,-,-,-
2017.12.11_14.09.28,-8.408166,51.882468,88,A,47623,HSPA+,-57,-2,-,-,-,7202,133,D,-51,-24,-,-,-
2017.12.11_14.09.29,-8.408166,51.882468,88,A,47623,HSPA+,-57,-2,-,-,-,5502,101,D,-51,-24,-,-,-
2017.12.11_14.09.30,-8.408166,51.882468,88,A,47623,HSPA+,-57,-2,-,-,-,4775,86,D,-51,-24,-,-,-
2017.12.11_14.09.31,-8.408166,51.882468,88,A,47623,HSPA+,-57,-2,-,-,-,4775,89,D,-51,-24,-,-,-
2017.12.11_14.09.33,-8.408166,51.882468,88,A,47623,HSPA+,-59,-2,-,-,-,4083,76,D,-51,-24,-,-,-
2017.12.11_14.09.34,-8.408166,51.882468,88,A,47623,HSPA+,-59,-2,-,-,-,6185,115,D,-51,-24,-,-,-
2017.12.11_14.09.35,-8.408166,51.882468,88,A,47623,HSPA+,-55,-2,-,-,-,12033,222,D,-51,-24,-,-,-
2017.12.11_14.09.36,-8.408166,51.882468,88,A,47623,HSPA+,-55,-2,-,-,-,6520,118,D,-51,-24,-,-,-
2017.12.11_14.09.37,-8.408166,51.882468,88,A,47623,HSPA+,-55,-2,-,-,-,10188,304,D,-51,-24,-,-,-
2017.12.11_14.09.38,-8.408166,51.882468,88,A,47623,HSPA+,-55,-2,-,-,-,7605,380,D,-51,-24,-,-,-
2017.12.11_14.09.39,-8.408166,51.882468,88,A,47623,HSPA+,-57,-2,-,-,-,5893,107,D,-51,-24,-,-,-
2017.12.11_14.09.40,-8.408166,51.882468,88,A,47623,HSPA+,-57,-2,-,-,-,8477,153,D,-51,-24,-,-,-
2017.12.11_14.09.41,-8.408166,51.882468,88,A,47623,HSPA+,-57,-2,-,-,-,8477,153,D,-51,-24,-,-,-
2017.12.11_14.09.41,-8.408166,51.882468,88,A,47623,HSPA+,-59,-2,-,-,-,7985,71,D,-51,-24,-,-,-
2017.12.11_14.09.43,-8.408166,51.882468,88,A,47623,HSPA+,-59,-2,-,-,-,1924,0,D,-51,-24,-,-,-
2017.12.11_14.09.44,-8.408166,51.882468,88,A,47623,HSPA+,-59,-2,-,-,-,0,0,D,-51,-24,-,-,-
2017.12.11_14.09.45,-8.408166,51.882468,88,A,47623,HSPA+,-59,-2,-,-,-,11,0,D,-51,-24,-,-,-
2017.12.11_14.09.46,-8.408166,51.882468,88,A,47623,HSPA+,-59,-2,-,-,-,0,0,D,-51,-24,-,-,-
2017.12.11_14.09.47,-8.408166,51.882468,88,A,47623,HSPA+,-59,-2,-,-,-,2786,93,D,-51,-24,-,-,-
2017.12.11_14.09.48,-8.408166,51.882468,88,A,47623,HSPA+,-57,-2,-,-,-,3254,60,D,-51,-24,-,-,-
2017.12.11_14.09.49,-8.408166,51.882468,88,A,47623,HSPA+,-57,-2,-,-,-,3209,59,D,-51,-24,-,-,-
2017.12.11_14.09.50,-8.408166,51.882468,88,A,47623,HSPA+,-59,-2,-,-,-,3545,82,D,-51,-24,-,-,-
2017.12.11_14.09.52,-8.408166,51.882468,88,A,47623,HSPA+,-59,-2,-,-,-,3433,64,D,-51,-24,-,-,-
2017.12.11_14.09.53,-8.408166,51.882468,88,A,47623,HSPA+,-61,-2,-,-,-,3567,66,D,-51,-24,-,-,-
2017.12.11_14.09.54,-8.408166,51.882468,88,A,47623,HSPA+,-61,-2,-,-,-,3232,60,D,-51,-24,-,-,-
2017.12.11_14.09.55,-8.408166,51.882468,88,A,47623,HSPA+,-59,-2,-,-,-,3265,60,D,-51,-24,-,-,-
2017.12.11_14.09.56,-8.408166,51.882468,88,A,47623,HSPA+,-59,-2,-,-,-,3545,66,D,-51,-24,-,-,-
2017.12.11_14.09.57,-8.408166,51.882468,88,A,47623,HSPA+,-61,-2,-,-,-,3042,56,D,-51,-24,-,-,-
